省份,流域,断面名称,监测时间,水质类别,水温 (℃),pH (无量纲),溶解氧 (mg/L),电导率 (μS/cm),浊度 (NTU),高锰酸盐指数 (mg/L),氨氮 (mg/L),总磷 (mg/L),总氮 (mg/L),叶绿素α (mg/L),藻密度 (cells/L)
北京市,海河流域,鼓楼外大街,03-06 17:00,2,7.3,8.09,10.42,496.9,16.4,2.39,0.119,0.015,3.23,--,--
北京市,海河流域,广北滨河路（桥）,03-06 17:00,2,11.8,8.07,13.01,1048.3,3.7,1.43,0.095,0.024,9.51,--,--
北京市,海河流域,沙窝,03-06 17:00,2,10.3,7.83,10.44,829.1,35.7,3.72,0.128,0.035,6.05,--,--
北京市,海河流域,新八里桥,03-06 17:00,3,11.8,8.47,16.53,1016.3,1.9,4.63,0.131,0.051,12.77,--,--
北京市,海河流域,大红门闸上,03-06 17:00,2,15.6,8.22,16.78,1298.1,3.8,3.44,0.030,0.044,11.31,--,--
北京市,海河流域,南大荒桥,03-06 17:00,2,4.3,8.43,13.12,952.4,12.0,3.27,0.013,0.034,5.27,--,--
北京市,海河流域,清河闸,03-06 17:00,2,15.2,7.67,7.32,817.3,10.8,2.49,0.012,0.097,7.30,--,--
北京市,海河流域,花园路,03-06 17:00,2,11.8,7.68,14.90,831.3,7.4,2.59,0.101,0.051,9.01,--,--
北京市,海河流域,白石桥,03-06 17:00,2,7.4,8.10,13.34,459.3,6.9,2.45,0.073,0.012,3.29,--,--
北京市,海河流域,八间房漫水桥,03-06 17:00,3,7.1,7.96,11.30,1108.1,12.9,3.66,0.172,0.107,5.86,--,--
北京市,海河流域,码头,03-06 17:00,2,8.7,7.64,11.28,1027.4,21.1,2.17,0.201,0.044,--,--,--
北京市,海河流域,罗庄,03-06 17:00,2,11.2,8.50,17.77,1278.5,9.5,3.76,0.071,0.071,8.06,--,--
北京市,海河流域,小屯桥,03-06 17:00,3,7.3,8.12,10.67,1257.4,10.0,4.15,0.088,0.063,8.24,--,--
北京市,海河流域,东店,03-06 17:00,2,8.7,7.88,11.88,779.4,9.4,2.35,0.161,0.050,13.31,--,--
北京市,海河流域,密云水库,03-06 17:00,2,2.1,8.12,14.71,432.6,0.4,2.73,0.011,0.011,3.88,--,--
北京市,海河流域,大关桥,03-06 17:00,1,2.7,7.95,11.27,467.9,2.7,1.13,--,0.013,6.64,--,--
北京市,海河流域,谷家营,03-06 17:00,6,7.1,7.78,10.72,667.1,4.9,15.02,0.023,0.022,7.25,--,--
北京市,海河流域,后城,03-06 17:00,1,5.2,8.53,11.19,638.9,17.3,1.05,0.020,0.015,12.22,--,--
天津市,海河流域,三岔口,03-06 16:00,2,5.9,8.29,11.80,1030.1,4.7,2.93,0.244,0.036,4.26,--,--
天津市,海河流域,北洋桥,03-06 17:00,2,5.9,8.18,12.21,1043.6,5.6,3.13,0.249,0.041,4.28,--,--
天津市,海河流域,大红桥,03-06 17:00,4,5.4,8.26,13.01,1024.5,7.4,7.64,0.322,0.038,4.56,--,--
天津市,海河流域,曹庄子泵站,03-06 17:00,2,9.4,8.17,11.04,278.4,1.5,2.42,--,0.007,1.04,--,--
天津市,海河流域,生产圈闸,03-06 17:00,2,6.0,7.99,16.29,935.9,0.2,2.87,0.184,0.023,4.27,--,--
天津市,海河流域,土门楼,03-06 17:00,2,6.5,8.24,13.15,1046.1,2.9,3.97,0.042,0.029,7.56,--,--
天津市,海河流域,尔王庄泵站,03-06 17:00,2,6.8,8.17,11.46,594.1,2.1,2.53,0.016,0.003,2.74,--,--
天津市,海河流域,塘汉公路桥,03-06 17:00,3,5.8,8.27,10.12,1037.4,12.7,4.21,0.089,0.079,5.78,--,--
天津市,海河流域,海河大闸,03-06 17:00,3,7.8,8.52,13.03,7108.9,5.8,5.39,0.324,0.084,4.46,--,--
天津市,海河流域,北排水河防潮闸,03-06 17:00,2,10.7,8.09,11.27,2987.0,9.0,3.50,0.038,0.055,1.11,--,--
天津市,海河流域,沧浪渠出境,03-06 17:00,-1,--,--,--,--,--,--,--,--,--,--,--
天津市,海河流域,万家码头,03-06 17:00,4,5.8,8.43,11.52,2916.0,14.3,7.16,0.071,0.066,1.82,--,--
天津市,海河流域,蓟运河防潮闸,03-06 17:00,4,5.3,8.38,14.87,1440.8,4.0,6.26,0.222,0.093,3.14,--,--
天津市,海河流域,青静黄防潮闸,03-06 17:00,5,4.3,8.55,13.30,8647.1,11.4,11.69,0.765,0.183,3.22,--,--
天津市,海河流域,阎辛庄,03-06 17:00,3,5.9,8.74,15.03,1199.5,11.1,5.63,0.046,0.049,4.30,--,--
天津市,海河流域,于桥水库出口,03-06 17:00,2,5.7,8.18,11.08,472.4,5.1,2.21,0.018,0.011,2.76,--,--
天津市,海河流域,沙河桥,03-06 17:00,2,7.6,7.88,12.38,808.2,5.6,1.40,--,0.025,14.13,--,--
天津市,海河流域,果河桥,03-06 16:00,2,8.1,7.98,13.08,764.7,1.9,1.37,0.019,0.026,12.72,--,--
天津市,海河流域,西屯桥,03-06 17:00,2,6.4,8.00,12.17,529.0,14.7,2.78,0.019,0.027,2.74,--,--
河北省,海河流域,下槐镇,03-06 17:00,2,7.3,8.34,12.11,758.0,49.3,2.02,0.110,0.074,4.36,--,--
河北省,海河流域,地都,03-06 17:00,2,14.3,7.79,7.87,1332.9,4.0,1.25,0.306,0.077,5.82,--,--
河北省,海河流域,平山桥,03-06 17:00,1,11.2,8.39,12.41,1045.9,4.8,0.87,0.016,0.014,6.42,--,--
河北省,海河流域,兆通,03-06 17:00,2,9.2,8.54,12.19,260.7,10.6,2.11,0.020,0.009,1.11,--,--
河北省,海河流域,大石桥,03-06 17:00,4,8.5,7.65,11.02,1361.4,110.3,--,0.545,0.201,12.29,--,--
河北省,海河流域,涧河口,03-06 17:00,6,6.9,9.47,12.87,9231.9,13.1,13.36,0.298,0.192,1.96,--,--
河北省,海河流域,丰北闸,03-06 17:00,4,7.5,8.49,15.91,1450.8,0.3,6.13,--,0.063,3.10,--,--
河北省,海河流域,滦县大桥,03-06 17:00,2,6.4,8.18,11.52,690.9,4.5,1.88,0.115,0.033,6.80,--,--
河北省,海河流域,新开河口,03-06 17:00,1,8.5,6.86,7.86,48491.3,2.2,1.98,0.053,0.020,1.10,--,--
河北省,海河流域,岳城水库出口,03-06 17:00,1,7.0,8.25,10.82,741.2,1.0,1.77,0.026,0.002,4.42,--,--
河北省,海河流域,曲周,03-06 17:00,4,8.1,8.08,8.82,919.3,6.2,2.87,0.686,0.200,6.86,--,--
河北省,海河流域,沙阳,03-06 17:00,2,10.3,8.53,11.46,1197.1,6.2,2.22,0.131,0.033,6.30,--,--
河北省,海河流域,艾辛庄,03-06 17:00,4,8.3,8.24,12.61,1170.8,18.8,6.27,0.664,0.148,11.13,--,--
河北省,海河流域,后西吴桥,03-06 17:00,3,9.7,8.29,11.18,1182.4,11.8,4.05,0.280,0.098,11.09,--,--
河北省,海河流域,北河店,03-06 17:00,1,7.4,8.31,11.16,558.6,6.0,1.24,0.002,0.012,7.33,--,--
河北省,海河流域,白合,03-06 17:00,2,7.8,8.20,11.09,477.6,52.1,0.86,--,0.032,6.66,--,--
河北省,海河流域,杜里村,03-06 17:00,2,5.6,8.46,12.25,460.0,3.9,0.70,--,0.026,4.52,--,--
河北省,海河流域,八号桥,03-06 17:00,3,3.0,8.53,12.91,1047.0,126.1,2.19,0.371,0.110,6.73,--,--
河北省,海河流域,左卫桥,03-06 17:00,2,0.4,8.23,11.29,876.4,106.4,1.95,0.272,0.056,8.77,--,--
河北省,海河流域,四道甸,03-06 17:00,1,5.2,8.61,12.63,470.1,5.3,1.37,--,0.009,7.25,--,--
河北省,海河流域,上二道河子,03-06 17:00,1,4.9,8.23,12.08,599.2,1.5,1.72,0.010,--,9.03,--,--
河北省,辽河流域,甸子,03-06 17:00,2,4.0,8.10,13.22,484.8,3.8,1.13,0.001,0.028,9.45,--,--
河北省,海河流域,何老营,03-06 17:00,3,4.3,8.10,10.49,3877.9,3.0,5.76,0.165,0.069,1.39,--,--
河北省,海河流域,大口河口,03-06 17:00,5,5.2,8.18,10.04,18673.6,206.8,7.64,1.634,0.172,7.98,--,--
河北省,海河流域,四埝村桥,03-06 17:00,3,6.7,8.30,9.12,3564.7,22.7,5.51,0.282,0.064,1.77,--,--
河北省,海河流域,大王务,03-06 17:00,2,5.8,8.39,11.90,1056.4,2.3,2.52,0.006,0.011,2.01,--,--
河北省,海河流域,杨洼闸（王家摆）,03-06 17:00,2,7.6,8.14,11.58,975.6,8.6,3.80,0.050,0.053,7.55,--,--
河北省,海河流域,吴村,03-06 17:00,2,6.8,8.35,11.93,743.0,13.8,3.91,0.209,0.060,7.44,--,--
河北省,海河流域,桑梓红旗闸,03-06 17:00,2,6.6,8.02,13.18,882.7,8.8,3.19,0.221,0.065,11.46,--,--
河北省,海河流域,三小营,03-06 17:00,3,7.2,7.93,14.67,1068.4,27.7,4.49,0.344,0.111,6.52,--,--
河北省,海河流域,小范桥,03-06 17:00,2,7.5,7.69,8.52,1662.7,2.1,3.21,0.074,0.026,2.77,--,--
河北省,海河流域,衡水湖大湖心,03-06 17:00,3,5.7,8.28,11.22,1499.0,9.5,4.77,0.055,0.020,0.74,0.020,388258
河北省,海河流域,南张村,03-06 17:00,1,6.6,8.33,12.51,307.2,13.4,1.74,0.048,0.010,1.12,--,--
河北省,海河流域,安州,03-06 17:00,3,6.6,8.10,11.78,1570.1,10.3,4.21,0.094,0.037,8.64,--,--
河北省,海河流域,膳马庙村北,03-06 17:00,3,7.9,7.96,12.52,1680.5,14.5,4.33,0.080,0.044,6.54,--,--
河北省,海河流域,采蒲台,03-06 17:00,2,6.4,8.19,12.05,580.9,1.8,1.38,0.024,0.012,3.96,0.001,2273509
山西省,黄河流域,汾河水库出口,03-06 17:00,1,4.3,8.30,11.70,610.4,0.8,1.55,0.002,0.003,2.74,0.011,281265
山西省,海河流域,下北泉村,03-06 17:00,2,9.4,8.13,10.63,584.2,1340.4,2.48,0.375,--,7.94,--,--
山西省,海河流域,册田水库出口,03-06 17:00,3,5.6,8.32,12.19,1419.5,3.8,4.22,0.997,0.045,4.44,--,--
山西省,海河流域,古家坡,03-06 17:00,3,4.8,8.39,13.05,1034.0,48.2,2.30,0.726,0.112,3.95,--,--
山西省,海河流域,利仁皂,03-06 17:00,2,10.9,8.34,14.22,1698.0,11.4,3.17,0.144,0.070,5.72,--,--
山西省,海河流域,闫家庄大桥,03-06 17:00,2,7.6,8.67,11.45,708.9,91.3,2.31,0.061,0.098,5.01,--,--
山西省,海河流域,白羊墅,03-06 17:00,3,12.0,7.88,10.71,2498.8,8.0,4.02,0.107,0.172,8.33,--,--
山西省,海河流域,刘家庄,03-06 17:00,1,9.9,8.29,11.07,561.7,4.9,0.55,0.009,0.010,5.73,--,--
山西省,海河流域,王家庄,03-06 17:00,1,9.6,8.38,10.79,679.4,8.1,1.58,0.021,0.018,5.31,--,--
山西省,海河流域,司徒桥,03-06 17:00,2,7.1,8.00,9.57,694.1,15.0,3.26,0.050,0.036,--,--,--
山西省,海河流域,关河水库出口,03-06 17:00,2,5.4,7.96,10.69,736.7,1.3,2.17,0.014,0.026,3.00,--,--
山西省,海河流域,北寨,03-06 17:00,3,6.6,7.96,9.68,926.2,8.6,2.80,0.557,0.093,8.67,--,--
山西省,海河流域,后湾水库出口,03-06 17:00,1,5.3,8.02,8.91,624.7,2.6,1.69,0.025,0.013,4.43,--,--
山西省,黄河流域,龙头,03-06 17:00,1,7.2,8.09,11.26,712.6,5.7,1.57,0.015,0.013,5.58,--,--
山西省,黄河流域,拴驴泉,03-06 17:00,2,10.7,8.16,9.70,735.4,14.5,1.16,0.063,0.029,5.48,--,--
山西省,黄河流域,张峰水库出口,03-06 17:00,2,6.4,8.45,11.79,604.0,5.0,2.70,0.008,0.005,3.94,--,--
山西省,海河流域,东榆林水库出口,03-06 17:00,2,4.6,8.40,12.72,864.6,10.3,2.18,0.478,0.053,4.37,--,--
山西省,黄河流域,杀虎口,03-06 17:00,3,3.4,8.08,12.64,722.6,6.9,2.16,0.850,0.023,4.67,--,--
山西省,海河流域,王寨村,03-06 17:00,2,7.4,8.38,11.59,643.5,36.9,1.31,0.027,0.034,4.64,--,--
山西省,黄河流域,安固桥（桑柳树）,03-06 17:00,4,5.2,8.17,11.72,855.6,28.8,3.57,1.026,0.038,5.53,--,--
山西省,黄河流域,王庄桥南,03-06 17:00,3,9.9,8.61,10.92,1417.2,28.6,4.93,0.097,0.082,5.57,--,--
山西省,黄河流域,郝村,03-06 17:00,3,8.0,8.46,13.99,1150.1,8.7,4.54,0.018,0.035,2.45,--,--
山西省,黄河流域,龙门,03-06 16:00,2,7.6,8.46,12.12,968.6,56.6,--,0.023,0.028,3.06,--,--
山西省,黄河流域,张留庄,03-06 17:00,2,12.6,8.65,11.26,3028.2,27.5,3.97,0.127,0.077,6.46,--,--
山西省,黄河流域,上亳城,03-06 17:00,2,11.2,8.37,10.02,710.5,48.2,1.29,--,0.096,7.13,--,--
山西省,黄河流域,小韩村（西曲村）,03-06 17:00,4,11.5,7.33,4.61,1762.5,4.1,3.79,0.624,0.146,10.89,--,--
山西省,海河流域,梵王寺,03-06 17:00,4,7.4,8.51,10.51,1193.4,124.9,4.24,0.688,0.268,6.02,--,--
山西省,海河流域,代县桥,03-06 17:00,2,7.0,8.20,9.75,694.0,32.2,0.86,0.013,0.029,5.69,--,--
山西省,海河流域,定襄桥,03-06 17:00,6,8.0,7.98,9.47,717.9,386.0,--,0.287,0.461,6.49,--,--
山西省,海河流域,南庄,03-06 17:00,2,6.6,8.33,10.17,752.6,106.7,2.41,0.035,0.081,6.43,--,--
山西省,海河流域,坪上桥,03-06 17:00,1,10.2,8.33,11.27,485.2,7.0,1.14,0.007,0.002,3.87,--,--
山西省,黄河流域,河西村,03-06 17:00,2,5.9,8.67,12.34,596.4,10.0,1.05,0.144,0.064,4.18,--,--
山西省,黄河流域,上平望,03-06 17:00,3,10.9,8.03,7.71,1287.0,39.7,5.59,0.673,0.081,6.35,--,--
山西省,黄河流域,黑城村,03-06 17:00,2,6.7,8.50,9.80,796.9,14.6,2.57,0.281,0.023,6.78,--,--
山西省,黄河流域,曲立,03-06 17:00,1,6.0,8.38,12.21,591.8,13.1,1.54,0.013,--,5.85,--,--
山西省,黄河流域,裴家川口,03-06 17:00,3,5.0,8.79,11.01,528.3,17.2,1.82,0.527,0.055,5.73,--,--
山西省,黄河流域,碛口,03-06 17:00,6,6.4,9.19,14.64,1105.0,23.0,3.79,0.195,--,10.79,--,--
山西省,黄河流域,裴沟,03-06 17:00,2,6.1,8.93,11.88,847.0,15.3,2.65,0.005,0.033,4.33,--,--
山西省,黄河流域,三川河两河口桥,03-06 17:00,6,8.4,9.04,17.19,918.2,7.3,4.36,0.171,0.191,8.23,--,--
山西省,黄河流域,碧村,03-06 17:00,2,11.8,8.25,8.48,736.0,12.9,2.43,0.019,0.040,7.95,--,--
山西省,黄河流域,北峪口,03-06 17:00,2,3.9,8.43,9.92,488.2,7.7,2.20,0.012,--,3.06,--,--
山西省,黄河流域,南姚,03-06 17:00,3,6.5,8.04,11.27,948.8,24.3,5.62,0.285,0.076,4.13,--,--
内蒙古自治区,黄河流域,磴口,03-06 16:00,2,1.3,8.44,11.15,1048.4,165.7,1.86,0.103,0.027,2.28,--,--
内蒙古自治区,松花江流域,李屯,03-06 17:00,2,3.4,6.48,7.01,103.8,1.1,0.90,0.020,0.013,0.64,--,--
内蒙古自治区,松花江流域,陶海,03-06 17:00,3,5.1,6.67,5.75,243.2,16.9,--,0.034,0.048,--,--,--
内蒙古自治区,松花江流域,嵯岗,03-06 17:00,4,15.5,7.03,4.00,302.5,9.4,2.12,--,0.060,0.87,--,--
内蒙古自治区,松花江流域,成吉思汗,03-06 17:00,1,4.8,7.53,11.03,389.6,3.6,1.64,0.008,0.013,4.16,--,--
内蒙古自治区,松花江流域,讷尔克气,03-06 17:00,1,2.1,6.68,10.60,95.7,1.2,0.66,0.127,0.009,1.13,--,--
内蒙古自治区,黄河流域,总排干入黄口,03-06 17:00,4,6.8,8.19,11.53,4890.1,46.8,7.82,0.451,0.054,1.44,--,--
内蒙古自治区,松花江流域,大山矿,03-06 17:00,2,7.0,7.16,9.32,230.0,9.0,0.97,--,0.030,0.61,--,--
内蒙古自治区,松花江流域,出口(察尔森水库),03-06 17:00,2,7.0,8.35,14.64,190.7,1.8,--,0.026,0.018,1.14,0.023,467988
辽宁省,辽河流域,于台,03-06 17:00,2,10.6,7.49,11.75,971.1,3.1,2.96,0.072,0.063,11.54,--,--
辽宁省,辽河流域,砂山,03-06 17:00,3,2.9,8.75,16.34,665.4,4.9,5.68,0.046,0.070,4.74,--,--
辽宁省,辽河流域,巨流河大桥,03-06 17:00,2,2.9,7.42,11.50,616.8,5.2,2.40,0.463,0.048,5.18,--,--
辽宁省,辽河流域,兴国桥,03-06 16:00,-1,--,--,--,--,--,--,--,--,--,--,--
辽宁省,辽河流域,城子坦,03-06 16:00,2,4.6,7.99,9.40,237.3,7.9,1.53,0.008,0.022,3.21,--,--
辽宁省,辽河流域,麦家,03-06 17:00,2,4.2,8.31,14.62,531.9,9.9,2.67,0.369,0.052,8.40,--,--
辽宁省,辽河流域,复州湾大桥,03-06 17:00,2,4.1,8.07,13.91,720.8,14.1,2.40,0.150,0.037,9.19,--,--
辽宁省,辽河流域,三台子,03-06 16:00,2,3.9,8.05,13.13,945.2,7.2,2.58,0.238,0.060,8.01,--,--
辽宁省,辽河流域,万泰,03-06 17:00,1,6.1,7.73,10.11,150.6,5.0,1.73,0.052,0.011,2.07,--,--
辽宁省,辽河流域,登化,03-06 17:00,2,3.8,8.24,13.38,657.0,8.6,3.12,0.002,0.086,8.07,--,--
辽宁省,辽河流域,口子街,03-06 17:00,2,3.8,8.10,11.80,346.4,4.4,1.48,0.148,0.034,4.46,--,--
辽宁省,辽河流域,牛庄,03-06 17:00,2,2.8,8.78,11.98,849.2,35.3,2.51,0.319,0.069,6.90,--,--
辽宁省,辽河流域,大伙房水库,03-06 17:00,2,4.2,7.33,12.68,232.9,5.9,2.48,--,0.009,3.16,0.066,--
辽宁省,辽河流域,戈布桥,03-06 17:00,2,2.3,8.28,13.94,506.9,9.6,2.42,0.063,--,3.78,--,--
辽宁省,辽河流域,北杂木,03-06 17:00,2,1.6,7.68,12.59,338.5,0.7,1.55,0.061,0.036,5.65,--,--
辽宁省,辽河流域,台沟,03-06 17:00,1,3.7,7.97,12.18,248.5,3.9,0.31,--,0.013,3.64,--,--
辽宁省,辽河流域,古楼,03-06 17:00,1,4.9,8.38,14.36,302.8,3.1,1.79,--,0.011,4.84,--,--
辽宁省,辽河流域,北太子河入观音阁水库口,03-06 17:00,2,6.1,8.81,15.53,272.3,20.2,1.20,0.001,0.030,5.46,--,--
辽宁省,辽河流域,老官砬子,03-06 17:00,1,2.9,8.33,13.56,288.6,2.8,1.21,0.009,0.006,3.27,--,--
辽宁省,辽河流域,兴安,03-06 17:00,2,4.2,8.50,12.06,405.1,4.5,1.54,0.344,0.019,4.15,--,--
辽宁省,辽河流域,凤鸣电站,03-06 17:00,1,3.8,7.79,10.94,253.4,3.4,1.83,0.014,0.012,3.10,--,--
辽宁省,辽河流域,南太子河入库口,03-06 17:00,1,2.2,7.53,12.32,115.6,1.2,0.44,0.007,0.002,3.80,--,--
辽宁省,辽河流域,江桥,03-06 17:00,1,6.5,7.60,9.61,143.7,0.8,0.99,--,0.011,2.35,--,--
辽宁省,辽河流域,爱河大桥,03-06 17:00,1,4.4,8.95,17.39,316.2,1.6,1.96,0.033,0.016,5.40,--,--
辽宁省,辽河流域,王家沟,03-06 17:00,1,5.3,8.33,12.03,651.3,9.1,1.72,0.015,0.015,5.34,--,--
辽宁省,辽河流域,张家堡,03-06 17:00,2,4.4,8.07,10.85,852.1,39.2,1.92,0.127,0.035,6.77,--,--
辽宁省,辽河流域,女儿河入河口,03-06 17:00,1,4.8,7.82,12.09,836.6,5.2,1.61,0.009,0.020,22.11,--,--
辽宁省,辽河流域,何家信子,03-06 17:00,2,6.2,8.10,12.44,523.5,2.6,2.14,0.047,0.015,1.64,--,--
辽宁省,辽河流域,西树林,03-06 17:00,3,3.5,8.74,16.87,1115.1,5.0,4.52,--,0.061,11.11,--,--
辽宁省,辽河流域,高台子,03-06 17:00,2,3.4,8.15,9.64,1146.4,14.4,3.64,0.356,0.097,7.48,--,--
辽宁省,辽河流域,茧场,03-06 16:00,1,2.8,7.73,12.14,289.7,11.0,1.32,0.139,0.012,7.45,--,--
辽宁省,辽河流域,大清河口,03-06 17:00,2,3.7,8.38,16.25,655.6,9.7,2.54,0.113,0.021,14.31,--,--
辽宁省,辽河流域,东羊角,03-06 17:00,2,10.1,7.98,12.08,648.2,6.2,2.55,0.446,0.088,6.81,--,--
辽宁省,辽河流域,河洪桥,03-06 17:00,3,4.9,8.07,11.95,737.8,11.5,2.74,0.430,0.104,7.23,--,--
辽宁省,辽河流域,二道河水库口,03-06 17:00,1,4.5,8.28,10.58,431.1,2.1,0.34,0.004,0.007,3.80,--,--
辽宁省,辽河流域,下王家,03-06 17:00,2,4.6,7.66,12.13,715.0,2.3,1.07,0.138,0.041,7.44,--,--
辽宁省,辽河流域,汤河桥,03-06 17:00,2,3.9,8.03,11.09,714.4,4.6,1.67,0.306,0.036,6.72,--,--
辽宁省,辽河流域,下达河入汤河水库口,03-06 17:00,2,3.2,8.37,12.99,486.9,2.6,1.01,0.036,0.022,6.38,--,--
辽宁省,辽河流域,丁家柳河桥,03-06 17:00,4,3.2,8.20,16.07,840.7,11.0,7.51,0.051,0.060,2.53,--,--
辽宁省,辽河流域,盘锦兴安(兴安),03-06 17:00,3,3.3,8.10,13.80,751.6,21.4,4.10,0.235,0.047,5.37,--,--
辽宁省,辽河流域,曙光大桥,03-06 17:00,2,4.1,7.97,10.78,625.5,7.6,2.55,0.289,0.037,4.54,--,--
辽宁省,辽河流域,胜利塘,03-06 17:00,3,1.2,8.42,13.86,1475.3,15.7,5.89,0.982,0.096,11.66,--,--
辽宁省,辽河流域,鲜峰桥,03-06 17:00,2,4.5,8.16,13.65,531.7,5.1,3.00,0.137,0.077,15.49,--,--
辽宁省,辽河流域,清辽,03-06 17:00,2,3.2,7.44,12.12,638.6,2.9,2.28,0.368,0.089,7.35,--,--
辽宁省,辽河流域,通江口,03-06 17:00,2,1.8,7.48,10.66,885.2,10.5,3.81,0.473,0.068,8.37,--,--
辽宁省,辽河流域,珠尔山,03-06 17:00,2,1.1,8.12,13.07,729.7,4.5,2.25,--,0.054,5.73,--,--
辽宁省,辽河流域,柴河水库入库口,03-06 17:00,4,4.7,7.34,4.91,446.9,10.6,1.69,0.067,0.053,5.67,--,--
辽宁省,辽河流域,松树水文站,03-06 17:00,2,1.3,7.38,11.22,429.6,4.0,2.35,0.364,0.054,6.67,--,--
辽宁省,辽河流域,亮子河入河口,03-06 17:00,3,1.4,8.00,13.57,751.7,5.8,3.66,0.156,0.120,6.26,--,--
辽宁省,辽河流域,清河水库入库口,03-06 17:00,2,2.8,7.53,11.41,304.5,7.3,1.20,0.290,0.095,5.72,--,--
辽宁省,辽河流域,凌鸿大桥（南大桥）,03-06 17:00,1,3.6,8.22,12.10,812.6,19.0,1.35,--,0.016,10.61,--,--
辽宁省,辽河流域,章吉营,03-06 17:00,2,4.4,8.04,12.68,854.2,3.1,1.56,0.108,0.083,9.54,--,--
辽宁省,辽河流域,大凌河西支入河口,03-06 17:00,2,5.3,8.26,10.67,939.2,4.7,1.67,--,0.057,21.36,--,--
辽宁省,辽河流域,李家湾大桥,03-06 17:00,1,6.2,8.31,12.01,460.5,6.0,0.65,--,0.015,4.87,--,--
辽宁省,辽河流域,王家窝棚,03-06 17:00,5,6.4,7.66,9.92,715.8,1.1,2.15,1.632,0.058,6.00,--,--
辽宁省,辽河流域,红石碑入海前,03-06 17:00,2,5.5,7.35,13.20,943.2,8.5,2.49,--,0.027,10.33,--,--
辽宁省,辽河流域,小渔场,03-06 17:00,2,6.5,8.70,24.25,33412.2,27.3,3.52,0.141,0.038,8.54,--,--
吉林省,松花江流域,新立城大坝,03-06 17:00,2,4.3,7.48,8.28,426.2,13.2,3.50,0.028,0.018,0.95,--,--
吉林省,松花江流域,松花江村,03-06 17:00,2,1.5,7.33,12.01,256.8,13.0,3.56,0.072,0.019,3.06,--,--
吉林省,松花江流域,靠山南楼(南楼),03-06 17:00,3,2.6,7.30,12.09,705.0,13.1,4.47,0.342,0.148,7.07,--,--
吉林省,松花江流域,砖瓦窑桥,03-06 17:00,2,1.9,7.60,10.66,572.3,5.1,3.68,0.244,0.072,4.27,--,--
吉林省,松花江流域,镇江口,03-06 17:00,2,1.6,7.35,10.93,290.7,6.3,--,0.131,0.032,3.16,--,--
吉林省,松花江流域,靠山大桥,03-06 17:00,3,2.9,7.61,8.26,741.5,9.8,4.59,0.362,0.165,8.26,--,--
吉林省,松花江流域,饮马河大桥,03-06 17:00,2,3.1,7.31,11.03,341.4,6.3,3.24,0.126,0.028,1.06,--,--
吉林省,松花江流域,刘珍屯,03-06 17:00,2,1.6,7.27,11.33,501.2,10.6,3.32,0.165,0.063,2.77,--,--
吉林省,松花江流域,周家河口,03-06 17:00,2,1.6,7.25,11.39,598.6,37.9,2.05,0.319,0.070,5.34,--,--
吉林省,松花江流域,白旗,03-06 17:00,2,1.8,7.27,10.13,305.6,3.0,3.41,0.123,0.020,3.02,--,--
吉林省,松花江流域,白山大桥,03-06 17:00,3,4.2,7.25,9.84,124.1,2.7,4.34,0.007,0.020,1.41,--,--
吉林省,松花江流域,桦树林,03-06 17:00,3,3.7,7.00,9.12,187.2,6.7,4.55,0.100,0.030,2.01,0.009,7536640
吉林省,松花江流域,蛟河口,03-06 17:00,3,1.5,7.36,11.60,477.2,8.1,2.65,0.861,0.102,5.25,--,--
吉林省,松花江流域,哨口,03-06 17:00,2,3.2,7.92,11.71,307.2,6.4,3.62,0.142,0.032,3.27,--,--
吉林省,松花江流域,肖家船口,03-06 17:00,2,0.7,6.90,9.99,263.8,9.4,2.43,0.468,0.084,4.07,--,--
吉林省,松花江流域,烟筒山,03-06 17:00,2,1.1,7.39,10.57,343.6,5.7,3.02,0.280,0.056,4.26,--,--
吉林省,辽河流域,四双大桥,03-06 16:00,-1,--,--,--,--,--,--,--,--,--,--,--
吉林省,辽河流域,城子上,03-06 17:00,2,2.1,7.89,13.65,707.9,6.6,3.41,0.246,0.055,4.12,--,--
吉林省,辽河流域,六家子,03-06 17:00,2,2.5,7.82,10.06,853.7,9.4,3.32,0.350,0.070,11.32,--,--
吉林省,辽河流域,林家,03-06 17:00,3,2.0,7.79,10.35,875.7,6.6,5.34,0.186,0.103,9.00,--,--
吉林省,辽河流域,河清,03-06 17:00,3,8.0,7.24,7.81,1359.0,3.5,4.40,0.145,0.043,8.53,--,--
吉林省,辽河流域,民主,03-06 17:00,3,0.9,7.75,9.83,348.2,1.4,2.21,0.964,0.048,4.76,--,--
吉林省,松花江流域,兴隆,03-06 17:00,3,2.7,7.47,10.03,409.7,6.1,2.97,0.639,0.057,4.19,--,--
吉林省,松花江流域,一统河入口,03-06 17:00,3,0.8,7.34,11.37,403.2,5.0,2.89,0.645,0.056,4.09,--,--
吉林省,松花江流域,高集岗桥,03-06 17:00,2,1.4,7.48,11.90,359.3,3.5,1.70,0.085,0.036,3.70,--,--
吉林省,辽河流域,云峰,03-06 17:00,1,4.2,8.10,11.37,140.7,1.5,1.57,--,--,1.71,--,--
吉林省,辽河流域,鸠谷,03-06 17:00,2,3.4,7.56,11.53,150.1,136.6,3.35,0.194,0.100,1.98,--,--
吉林省,辽河流域,葫芦套,03-06 17:00,2,1.6,7.84,12.29,136.5,7.5,0.84,0.013,0.022,1.77,--,--
吉林省,辽河流域,大阳岔,03-06 17:00,1,8.3,7.84,7.98,277.7,5.3,0.03,0.001,0.016,1.31,--,--
吉林省,松花江流域,松林,03-06 17:00,2,5.0,7.73,16.02,306.0,3.8,2.91,0.083,0.022,3.18,--,--
吉林省,松花江流域,白沙滩,03-06 17:00,2,10.2,6.49,11.21,--,0.04,--,--,0.025,--,--,--
吉林省,松花江流域,月亮湖下,03-06 17:00,3,9.5,8.00,9.70,528.5,9.0,5.15,0.136,0.155,1.16,--,--
吉林省,松花江流域,圈河,03-06 17:00,2,1.0,7.87,12.08,246.0,6.4,2.93,0.099,0.027,2.04,--,--
吉林省,松花江流域,大山(新甸),03-06 17:00,2,1.5,7.45,11.22,261.6,2.3,2.58,0.132,0.032,2.23,--,--
吉林省,松花江流域,崇善,03-06 17:00,3,5.9,7.48,11.36,113.0,2.1,0.67,0.007,0.112,0.62,--,--
吉林省,松花江流域,榆树川,03-06 17:00,2,4.0,8.32,10.52,249.0,3.1,2.15,0.019,0.025,1.62,--,--
吉林省,松花江流域,磨盘大桥（延吉下）,03-06 17:00,3,5.9,8.34,12.31,386.4,3.7,3.50,0.516,0.051,3.81,--,--
吉林省,松花江流域,西崴子,03-06 17:00,2,2.5,6.50,8.00,316.5,2.2,1.08,0.204,0.031,3.11,--,--
吉林省,松花江流域,石井（小河龙）,03-06 17:00,3,3.2,8.10,11.24,317.6,4.7,1.98,0.510,0.064,2.74,--,--
吉林省,松花江流域,三家子,03-06 17:00,2,7.5,7.33,11.06,156.8,2.4,2.03,0.038,0.040,2.02,--,--
吉林省,松花江流域,建封路大桥,03-06 17:00,2,3.1,7.52,10.89,171.7,2.4,0.42,0.015,0.079,0.76,--,--
黑龙江省,松花江流域,摆渡镇,03-06 17:00,3,2.3,7.26,9.20,296.7,2.9,5.02,0.158,0.037,2.86,--,--
黑龙江省,松花江流域,苗家,03-06 17:00,3,1.7,6.89,8.65,458.7,5.1,1.96,0.753,--,3.16,--,--
黑龙江省,松花江流域,磨盘山水库出口,03-06 07:00,6,26.2,5.17,9.06,--,0.4,4.18,0.011,0.016,2.52,0.004,20992
黑龙江省,松花江流域,朱顺屯,03-06 17:00,2,1.9,7.20,9.82,255.5,4.0,3.58,0.130,0.027,2.12,--,--
黑龙江省,松花江流域,阿什河口内,03-06 17:00,4,3.1,7.06,9.04,626.3,8.6,4.02,1.033,0.172,5.38,--,--
黑龙江省,松花江流域,呼兰河口内(铁路桥),03-06 17:00,3,1.7,7.38,12.09,894.2,18.1,4.64,0.753,0.095,4.93,--,--
黑龙江省,松花江流域,大顶子山,03-06 17:00,2,2.3,7.15,10.58,296.4,3.8,3.72,0.174,0.017,2.49,--,--
黑龙江省,松花江流域,拉哈,03-06 17:00,3,1.3,7.14,7.60,138.0,6.5,5.03,0.032,0.035,0.75,--,--
黑龙江省,松花江流域,查哈阳乡,03-06 17:00,2,1.0,6.83,9.80,146.3,3.7,0.30,--,0.022,1.17,--,--
黑龙江省,松花江流域,音河水库,03-06 17:00,2,6.4,7.36,7.78,243.9,6.0,2.89,0.005,0.027,2.48,--,--
黑龙江省,松花江流域,浏园,03-06 17:00,2,2.8,7.32,8.04,155.6,6.9,3.50,0.049,0.030,0.83,--,--
黑龙江省,松花江流域,江桥,03-06 17:00,2,4.0,7.40,12.11,223.8,4.1,1.59,0.026,0.029,1.12,--,--
黑龙江省,松花江流域,富源村,03-06 17:00,1,5.0,7.57,12.06,117.5,2.1,--,--,0.018,0.47,--,--
黑龙江省,松花江流域,泄洪1闸(小兴凯湖一闸),03-06 17:00,3,3.2,7.54,10.83,579.2,6.2,4.00,0.046,0.037,0.63,0.02,30464.00
黑龙江省,松花江流域,知一桥,03-06 17:00,3,1.4,7.70,15.88,700.6,4.6,4.34,0.859,0.048,5.85,--,--
黑龙江省,松花江流域,858九队,03-06 17:00,3,1.5,7.43,13.47,201.9,70.1,4.00,0.078,0.124,0.92,--,--
黑龙江省,松花江流域,穆棱河口内,03-06 17:00,2,2.0,6.65,11.86,223.6,53.0,3.78,0.264,0.073,0.55,--,--
黑龙江省,松花江流域,虎头上,03-06 17:00,3,2.6,7.06,10.59,177.2,25.5,2.69,0.175,0.101,0.61,--,--
黑龙江省,松花江流域,名山,03-06 17:00,4,1.0,6.51,7.75,92.0,4.6,7.22,0.010,0.008,0.51,--,--
黑龙江省,松花江流域,饶河上,03-06 17:00,2,1.1,7.04,11.31,152.7,22.6,1.82,0.080,0.048,1.25,--,--
黑龙江省,松花江流域,肇源,03-06 17:00,2,1.7,7.71,15.80,274.1,3.8,3.49,0.126,0.022,2.56,--,--
黑龙江省,松花江流域,嫩江口内,03-06 17:00,3,4.0,6.94,10.32,161.3,4.4,4.43,0.130,0.025,0.57,--,--
黑龙江省,松花江流域,友好,03-06 17:00,2,2.0,6.44,7.33,181.9,6.6,3.54,0.011,0.032,2.63,--,--
黑龙江省,松花江流域,嘉荫,03-06 17:00,4,5.3,6.83,8.69,77.3,2.9,8.39,0.043,0.017,0.31,--,--
黑龙江省,松花江流域,双河渠首,03-06 17:00,2,4.0,6.72,10.02,184.7,4.6,0.98,0.074,0.035,2.75,--,--
黑龙江省,松花江流域,佳木斯下,03-06 17:00,2,1.6,7.33,10.50,307.5,4.7,3.57,0.184,0.035,2.47,--,--
黑龙江省,松花江流域,汤旺河口内,03-06 17:00,2,1.4,6.73,8.05,211.7,1.4,2.77,0.277,0.014,3.36,--,--
黑龙江省,松花江流域,宏克利（佳木斯上）,03-06 17:00,2,2.9,7.17,9.05,308.6,1.9,2.73,0.097,0.024,2.57,--,--
黑龙江省,松花江流域,抚远,03-06 17:00,4,1.3,7.16,9.58,157.3,4.5,7.22,0.069,0.014,1.32,--,--
黑龙江省,松花江流域,乌苏镇,03-06 17:00,2,2.2,6.65,8.93,124.5,18.8,1.20,0.049,0.036,0.74,--,--
黑龙江省,松花江流域,同江,03-06 17:00,2,4.1,7.34,7.51,306.5,5.1,3.31,0.079,0.018,2.66,--,--
黑龙江省,松花江流域,三岔口,03-06 17:00,3,7.5,7.22,8.32,351.5,4.9,4.64,0.670,0.068,3.30,--,--
黑龙江省,松花江流域,海浪,03-06 17:00,2,2.8,7.33,10.54,171.0,4.8,2.86,0.170,0.044,2.35,--,--
黑龙江省,松花江流域,三道,03-06 17:00,4,4.3,7.69,11.88,163.3,6.6,3.16,0.022,0.051,2.24,0.030,24192
黑龙江省,松花江流域,电视塔,03-06 17:00,3,5.4,6.82,9.60,143.6,1.3,4.70,0.012,0.022,0.78,0.001,19072
黑龙江省,松花江流域,海浪河口内,03-06 17:00,2,2.0,6.94,10.82,169.6,9.9,1.96,0.418,0.037,3.41,--,--
黑龙江省,松花江流域,繁荣村,03-06 17:00,3,5.0,6.86,6.30,190.3,2.8,1.20,0.505,0.038,1.84,--,--
黑龙江省,松花江流域,黑河下(黑河),03-06 16:00,-1,--,--,--,--,--,--,--,--,--,--,--
黑龙江省,松花江流域,呼玛上,03-06 17:00,4,2.2,6.45,4.44,367.4,1.7,4.40,0.008,0.019,1.15,--,--
黑龙江省,松花江流域,呼玛河口内,03-06 17:00,2,3.0,6.67,6.11,90.3,1.8,1.54,--,0.015,0.28,--,--
黑龙江省,松花江流域,加格达奇上,03-06 17:00,1,2.8,6.86,11.49,68.0,1.5,0.68,--,0.008,0.57,--,--
上海市,长江流域,富锦路桥,03-06 17:00,3,11.7,7.56,6.48,473.3,56.6,2.65,0.227,0.103,3.24,--,--
上海市,太湖流域,明星路桥,03-06 16:00,2,12.3,7.02,10.82,531.7,12.5,3.61,0.304,--,5.42,--,--
上海市,太湖流域,临江,03-06 17:00,4,12.3,7.77,7.78,585.4,26.9,7.41,--,0.277,8.38,--,--
上海市,太湖流域,浙江路桥,03-06 17:00,2,12.5,7.40,6.12,581.0,54.5,2.88,0.136,0.083,3.18,--,--
上海市,太湖流域,闵行西界(松浦大桥),03-06 17:00,2,12.2,7.58,8.76,584.9,49.7,3.53,0.190,--,3.73,--,--
上海市,太湖流域,吴淞口,03-06 17:00,3,11.7,7.72,7.98,652.6,101.8,3.12,0.264,0.102,--,--,--
上海市,太湖流域,蕴川路桥,03-06 17:00,2,11.1,7.65,7.73,490.6,69.6,2.43,0.125,0.099,2.77,--,--
上海市,太湖流域,黄渡,03-06 17:00,2,12.1,7.65,7.83,536.6,20.3,2.69,0.302,0.096,3.18,--,--
上海市,太湖流域,三甲港,03-06 17:00,4,11.3,7.92,10.33,1160.4,266.5,6.65,0.078,0.293,2.99,--,--
上海市,太湖流域,二团,03-06 17:00,2,11.6,7.27,7.17,594.1,49.5,3.60,0.133,0.075,2.47,--,--
上海市,太湖流域,横潦泾,03-06 17:00,3,11.8,7.88,8.81,617.8,40.7,4.80,0.326,0.141,5.49,--,--
上海市,太湖流域,斜塘口,03-06 17:00,3,15.6,8.48,8.71,661.0,28.7,3.99,0.706,0.082,4.23,--,--
上海市,太湖流域,急水港桥,03-06 17:00,2,12.3,7.61,8.43,658.5,22.7,2.83,0.230,0.076,2.75,0.006,1664227
上海市,太湖流域,淀峰,03-06 17:00,2,11.9,8.16,10.67,591.7,20.5,2.11,--,0.045,2.44,--,--
上海市,太湖流域,太浦河桥,03-06 17:00,2,11.6,7.56,9.14,532.0,21.8,2.52,0.138,0.058,2.19,--,--
上海市,太湖流域,钱桥,03-06 17:00,2,12.1,7.26,8.89,568.6,12.0,1.46,--,0.042,2.58,--,--
上海市,长江流域,七效港西桥,03-06 17:00,3,9.4,7.42,11.07,516.0,57.4,4.45,0.249,--,2.83,--,--
上海市,长江流域,五效,03-06 17:00,3,11.6,7.83,9.44,646.2,65.0,3.03,0.327,0.108,2.62,--,--
江苏省,长江流域,陈浅,03-06 17:00,3,12.3,7.73,10.51,763.8,3.1,4.78,0.052,0.055,2.07,--,--
江苏省,长江流域,七桥瓮,03-06 17:00,3,11.4,7.19,6.21,574.6,18.0,3.94,0.975,0.104,4.60,--,--
江苏省,长江流域,节制闸,03-06 17:00,2,12.4,8.08,10.34,403.7,12.2,2.10,0.177,0.065,2.40,--,--
江苏省,长江流域,钱家渡,03-06 17:00,2,12.6,7.48,9.56,341.6,25.7,2.52,0.139,0.044,1.50,--,--
江苏省,太湖流域,锡东水厂,03-06 17:00,3,10.1,8.29,11.63,412.6,22.2,1.61,0.012,0.029,1.60,0.002,1820710
江苏省,太湖流域,兰山嘴,03-06 17:00,4,10.8,8.07,11.11,465.0,79.6,2.45,0.043,0.061,2.99,0.001,2597032
江苏省,太湖流域,蠡桥,03-06 17:00,2,10.6,7.91,10.80,320.4,26.7,1.20,0.149,0.045,1.50,--,--
江苏省,太湖流域,百渎港桥,03-06 17:00,2,12.8,7.80,8.91,520.3,29.9,2.13,0.284,0.089,3.17,--,--
江苏省,太湖流域,殷村港桥,03-06 17:00,3,11.3,7.52,8.58,562.3,96.6,2.63,0.207,0.106,2.76,--,--
江苏省,太湖流域,大浦港桥,03-06 17:00,2,11.5,7.79,8.78,545.5,63.0,3.51,0.207,0.074,2.91,--,--
江苏省,太湖流域,五牧,03-06 17:00,2,11.6,7.63,9.42,518.0,27.1,2.72,0.439,0.096,3.21,--,--
江苏省,太湖流域,拖山,03-06 17:00,3,10.6,8.32,11.56,518.2,24.5,2.64,0.020,0.041,1.89,0.008,1257549
江苏省,太湖流域,五里湖心,03-06 17:00,3,10.9,8.11,11.92,453.0,82.7,2.25,--,0.035,--,0.011,2468504
江苏省,太湖流域,金潼桥,03-06 17:00,2,13.5,8.13,9.77,402.4,20.0,2.91,0.065,0.050,1.97,--,--
江苏省,太湖流域,大港桥,03-06 17:00,1,12.9,6.72,10.69,133.1,1.8,1.12,0.031,0.011,3.57,--,--
江苏省,太湖流域,潘家坝,03-06 17:00,2,12.2,7.65,9.31,536.4,38.9,3.60,0.349,0.077,3.25,--,--
江苏省,太湖流域,长济桥,03-06 17:00,2,13.8,8.09,10.22,419.2,17.1,--,0.064,0.050,2.07,--,--
江苏省,太湖流域,钓邾大桥,03-06 17:00,2,11.3,7.88,11.57,473.9,8.8,1.70,0.231,0.069,2.58,--,--
江苏省,长江流域,小湾,03-06 17:00,2,12.9,8.13,9.88,408.4,11.3,2.30,0.039,0.045,2.04,--,--
江苏省,淮河流域,港上桥,03-06 17:00,2,10.6,7.95,9.58,896.4,3.8,3.48,0.045,0.041,8.62,--,--
江苏省,淮河流域,李庄,03-06 17:00,3,9.0,8.02,11.31,1214.7,15.3,4.59,0.246,0.104,9.01,--,--
江苏省,淮河流域,蔺家坝,03-06 17:00,3,10.6,8.51,12.92,1311.3,14.8,5.06,0.007,0.048,1.70,--,--
江苏省,淮河流域,李集桥,03-06 16:00,3,11.7,8.29,10.74,1348.5,1.7,4.62,0.016,0.029,1.35,--,--
江苏省,淮河流域,华山闸,03-06 17:00,3,10.1,8.06,8.54,1207.9,3.2,4.48,0.043,0.029,1.22,--,--
江苏省,淮河流域,沙庄桥,03-06 17:00,3,9.9,7.94,13.00,1400.1,7.5,5.27,0.330,0.036,2.38,--,--
江苏省,淮河流域,张楼,03-06 16:00,3,8.6,8.18,10.59,1113.7,3.4,4.05,0.019,0.039,3.86,--,--
江苏省,淮河流域,沙集西闸,03-06 16:00,2,9.9,8.40,11.71,872.1,3.2,3.85,0.057,0.030,2.12,--,--
江苏省,淮河流域,艾山西大桥,03-06 17:00,3,10.6,8.41,16.40,974.7,6.5,4.76,0.018,0.088,8.44,--,--
江苏省,淮河流域,东偏泓,03-06 17:00,2,10.6,7.83,14.37,1061.8,2.4,3.14,0.137,0.020,19.77,--,--
江苏省,长江流域,魏村,03-06 17:00,2,12.4,7.83,10.95,397.2,14.4,1.45,0.055,0.049,2.18,--,--
江苏省,太湖流域,姚巷桥,03-06 17:00,3,10.2,7.77,9.43,396.3,16.7,2.50,0.368,0.114,3.43,--,--
江苏省,太湖流域,黄埝桥,03-06 17:00,2,12.6,7.94,8.86,449.3,60.3,2.28,0.283,0.082,2.20,--,--
江苏省,太湖流域,落蓬湾,03-06 17:00,3,14.1,8.03,10.23,371.7,18.7,5.82,0.294,0.051,2.24,--,--
江苏省,太湖流域,九号桥,03-06 17:00,2,11.4,8.11,9.70,424.6,227.3,1.78,0.073,0.064,2.35,--,--
江苏省,太湖流域,胥湖心,03-06 17:00,3,11.2,8.14,11.46,448.3,768.6,3.15,0.053,0.029,1.22,0.008,2935780
江苏省,太湖流域,乌龟山南,03-06 17:00,3,10.8,8.15,11.15,510.8,42.3,2.53,0.052,0.048,2.40,0.001,1442831
江苏省,太湖流域,望亭上游,03-06 17:00,3,11.9,7.47,9.27,750.0,45.3,2.79,0.589,0.125,3.53,--,--
江苏省,太湖流域,千灯浦口,03-06 17:00,2,12.0,7.63,6.96,643.4,36.8,3.23,0.223,0.095,2.82,--,--
江苏省,太湖流域,朱厍港口,03-06 17:00,2,11.8,8.25,12.12,723.7,29.0,2.75,0.036,0.053,2.52,--,--
江苏省,太湖流域,浏河闸,03-06 17:00,2,11.3,8.25,7.37,445.2,21.2,1.39,0.036,0.060,2.24,--,--
江苏省,太湖流域,江边闸,03-06 17:00,2,11.0,8.35,10.67,415.3,17.1,--,0.029,0.049,2.19,--,--
江苏省,太湖流域,瓜泾口西,03-06 17:00,2,10.3,7.96,11.05,449.0,3.9,2.35,0.017,0.017,0.63,--,--
江苏省,太湖流域,航管站,03-06 17:00,2,10.2,7.98,10.77,421.8,37.2,2.29,--,0.025,1.21,--,--
江苏省,太湖流域,越溪桥,03-06 17:00,3,11.8,7.85,7.82,437.5,12.3,3.40,0.562,0.068,1.37,--,--
江苏省,太湖流域,312国道桥,03-06 16:00,2,11.4,8.12,11.21,416.2,11.4,1.64,0.047,0.025,1.46,--,--
江苏省,太湖流域,赵屯(石浦大桥),03-06 17:00,3,11.1,7.78,7.76,733.0,37.9,3.15,0.355,0.127,3.51,--,--
江苏省,淮河流域,东安闸桥西,03-06 17:00,2,11.8,7.77,9.54,1304.6,16.9,3.46,0.129,0.096,2.26,--,--
江苏省,长江流域,九圩港桥,03-06 17:00,2,11.5,8.04,9.71,420.3,38.7,1.31,0.048,0.055,2.08,--,--
江苏省,长江流域,碾砣港闸,03-06 17:00,2,11.2,7.67,9.68,447.0,62.5,1.62,0.147,0.055,2.28,--,--
江苏省,长江流域,聚南大桥,03-06 17:00,2,13.5,7.87,7.08,618.8,1.9,--,0.117,0.056,1.90,--,--
江苏省,长江流域,大洋港桥,03-06 17:00,2,11.5,7.90,10.20,536.2,25.1,2.35,0.132,0.077,2.50,--,--
江苏省,长江流域,塘芦港闸,03-06 17:00,2,11.0,8.05,8.95,1301.1,24.3,3.68,0.349,0.095,2.59,--,--
江苏省,淮河流域,小洋口,03-06 17:00,3,10.7,7.65,7.22,742.6,7.3,3.59,0.338,0.140,2.64,--,--
江苏省,淮河流域,环东闸口,03-06 17:00,2,12.2,8.09,9.68,1417.6,12.5,3.11,0.172,0.086,2.03,--,--
江苏省,淮河流域,北凌新闸,03-06 17:00,3,11.9,7.79,6.13,1029.6,10.3,4.51,0.453,0.144,2.59,--,--
江苏省,淮河流域,新浦大桥,03-06 16:00,1,9.9,8.52,11.01,1071.8,6.3,--,0.001,--,3.59,--,--
江苏省,淮河流域,柴米河桥,03-06 17:00,3,9.2,7.81,6.83,952.0,30.5,4.51,0.305,0.081,2.74,--,--
江苏省,淮河流域,善后河闸,03-06 17:00,2,9.1,8.61,11.39,1006.7,4.2,3.27,0.032,0.075,4.35,--,--
江苏省,淮河流域,灌河大桥,03-06 17:00,5,9.7,7.78,11.76,--,37.8,6.78,0.926,0.342,5.32,--,--
江苏省,淮河流域,新村桥,03-06 17:00,3,13.3,8.39,10.22,886.8,8.4,4.34,0.106,0.026,3.92,--,--
江苏省,淮河流域,沭南闸,03-06 17:00,3,9.5,8.33,11.74,645.9,1.2,4.39,0.040,0.042,4.14,--,--
江苏省,淮河流域,袁闸,03-06 17:00,3,13.6,8.00,8.56,891.2,260.9,--,0.557,0.099,3.82,--,--
江苏省,淮河流域,墩尚水漫桥,03-06 17:00,3,6.4,7.80,7.46,708.3,1.6,4.55,0.020,0.043,5.06,--,--
江苏省,淮河流域,烧香北闸,03-06 15:00,3,9.0,7.63,8.02,1354.1,43.4,4.81,0.588,--,6.70,--,--
江苏省,淮河流域,大浦闸,03-06 17:00,2,10.7,7.50,10.85,1505.3,2.9,3.25,0.238,0.082,7.26,--,--
江苏省,淮河流域,大板跳闸,03-06 17:00,1,14.3,8.17,10.47,--,0.1,--,0.017,--,5.16,--,--
江苏省,淮河流域,海头大桥,03-06 17:00,2,10.0,8.36,12.80,1094.8,2.5,3.69,0.040,0.060,6.42,--,--
江苏省,淮河流域,坝头桥,03-06 17:00,2,9.6,8.32,12.28,562.9,3.6,3.90,0.036,0.010,2.55,--,--
江苏省,淮河流域,郑园桥,03-06 17:00,3,9.3,7.94,10.76,789.0,7.8,4.40,0.330,0.123,3.67,--,--
江苏省,淮河流域,四队桥,03-06 17:00,3,9.2,8.05,10.16,1101.1,3.8,5.81,0.168,0.072,4.75,--,--
江苏省,淮河流域,新浦二桥,03-06 17:00,3,10.0,8.17,9.84,933.5,7.2,4.78,0.032,0.060,2.95,--,--
江苏省,淮河流域,淮河大桥,03-06 16:00,2,9.0,8.29,11.43,847.0,15.4,2.96,0.116,0.028,4.12,--,--
江苏省,淮河流域,五叉河口,03-06 16:00,2,9.1,8.48,11.13,890.0,24.9,--,0.074,0.032,2.86,--,--
江苏省,淮河流域,戴楼衡阳(塔集),03-06 16:00,2,9.2,8.38,11.50,735.4,11.9,3.61,0.168,0.053,3.93,0.025,--
江苏省,淮河流域,总渠苏嘴,03-06 17:00,2,9.1,8.20,10.56,824.2,40.3,3.29,0.048,0.030,3.45,--,--
江苏省,淮河流域,唐曹,03-06 17:00,3,10.2,8.06,8.90,845.4,61.3,3.35,0.427,0.113,3.94,--,--
江苏省,淮河流域,新洋港闸,03-06 17:00,3,9.6,7.72,7.31,788.2,7.2,3.22,0.369,0.107,2.52,--,--
江苏省,淮河流域,富民桥,03-06 17:00,2,10.2,7.76,8.49,615.7,3.7,--,0.132,0.049,1.80,--,--
江苏省,淮河流域,龙冈凤凰桥,03-06 17:00,2,10.0,7.77,8.72,620.5,17.3,--,0.227,0.066,2.22,--,--
江苏省,淮河流域,六垛闸,03-06 17:00,2,8.7,8.30,9.29,829.2,6.0,2.65,0.014,0.029,3.32,--,--
江苏省,淮河流域,泰东大桥,03-06 17:00,2,11.9,7.80,8.89,466.7,18.7,1.50,0.068,0.082,2.00,--,--
江苏省,淮河流域,城北大桥,03-06 17:00,3,10.5,7.89,9.91,795.0,19.3,4.88,0.112,0.115,2.94,--,--
江苏省,淮河流域,草堰大桥,03-06 17:00,2,10.0,7.55,7.75,575.8,25.6,2.75,0.272,0.084,2.70,--,--
江苏省,淮河流域,射阳河闸,03-06 17:00,3,9.3,7.84,10.22,941.9,24.6,4.29,0.339,0.106,2.62,--,--
江苏省,淮河流域,黄沙港闸,03-06 17:00,3,10.5,7.77,7.65,805.3,13.2,4.31,0.484,0.115,2.75,--,--
江苏省,淮河流域,斗龙港闸,03-06 17:00,3,9.2,7.50,7.88,685.7,24.8,3.20,0.329,0.115,2.66,--,--
江苏省,淮河流域,川东闸,03-06 17:00,2,10.0,8.08,9.88,919.3,8.3,2.86,0.172,0.098,3.02,--,--
江苏省,淮河流域,头罾闸,03-06 17:00,2,9.6,8.52,9.25,822.2,34.8,3.55,0.024,0.045,2.75,--,--
江苏省,淮河流域,王港闸,03-06 17:00,3,9.5,7.94,9.17,817.2,29.6,2.00,0.276,0.101,2.58,--,--
江苏省,长江流域,三江营,03-06 17:00,2,11.6,8.08,10.14,458.6,30.2,1.51,0.092,0.047,2.07,--,--
江苏省,淮河流域,槐泗河口,03-06 17:00,2,10.1,8.48,9.88,621.4,32.5,2.97,0.082,0.042,2.20,--,--
江苏省,淮河流域,大运河船闸(宝应船闸),03-06 17:00,2,9.1,8.31,9.86,842.9,61.8,3.96,0.054,0.039,3.11,--,--
江苏省,淮河流域,三垛西大桥,03-06 17:00,3,10.0,7.70,8.05,906.4,42.0,3.74,0.401,0.107,2.85,--,--
江苏省,淮河流域,江都西闸,03-06 17:00,2,10.5,7.99,10.84,462.0,30.7,1.68,0.008,0.068,2.20,--,--
江苏省,长江流域,冻青桥,03-06 17:00,5,10.7,7.63,6.96,637.1,24.0,4.61,1.715,0.136,4.06,--,--
江苏省,长江流域,小河口上游,03-06 17:00,2,12.2,7.72,10.36,421.0,10.7,1.70,0.038,0.050,1.59,--,--
江苏省,淮河流域,曹庄桥,03-06 17:00,2,11.0,8.22,10.84,459.7,32.9,1.89,0.031,0.060,2.48,--,--
江苏省,太湖流域,辛丰镇,03-06 17:00,2,13.0,8.00,9.26,405.3,11.8,1.37,0.115,0.058,2.13,--,--
江苏省,太湖流域,林家闸,03-06 17:00,2,12.4,7.96,10.28,416.4,10.0,1.93,0.049,0.045,1.90,--,--
江苏省,长江流域,新河桥,03-06 17:00,2,13.5,7.86,9.70,331.6,5.2,1.84,0.038,0.035,1.57,--,--
江苏省,太湖流域,新港桥,03-06 17:00,2,12.1,8.17,11.60,376.6,3.3,2.14,0.029,0.024,1.24,--,--
江苏省,太湖流域,吕城,03-06 17:00,2,11.9,8.11,9.90,462.3,22.1,1.90,0.295,0.080,2.60,--,--
江苏省,淮河流域,海陵大桥,03-06 17:00,2,11.9,8.22,10.14,412.9,6.7,1.52,0.068,0.052,2.20,--,--
江苏省,长江流域,马甸闸西,03-06 17:00,2,12.1,8.81,10.34,451.4,18.5,1.70,0.073,0.051,2.00,--,--
江苏省,长江流域,祥和大桥,03-06 17:00,2,12.0,8.31,10.67,417.0,13.4,1.54,0.093,0.067,2.16,--,--
江苏省,长江流域,新十圩港大桥,03-06 17:00,2,11.6,8.23,9.62,483.6,36.2,1.22,0.010,0.084,1.92,--,--
江苏省,长江流域,夏仕港大桥,03-06 17:00,2,11.6,8.12,10.04,411.9,33.6,1.43,0.055,0.064,2.04,--,--
江苏省,淮河流域,三场,03-06 17:00,1,8.2,8.35,13.35,897.6,569.3,--,--,--,--,0.006,10597150
江苏省,淮河流域,马陵翻水站,03-06 16:00,3,10.7,8.54,13.61,1074.4,31.4,4.12,0.032,0.032,2.47,--,--
江苏省,淮河流域,临淮乡入湖口,03-06 17:00,2,9.8,8.17,9.30,856.0,4.4,3.94,0.065,0.029,1.99,--,--
江苏省,淮河流域,砖瓦厂,03-06 17:00,2,9.5,8.38,12.30,942.6,8.5,3.72,0.025,0.032,2.80,--,--
江苏省,淮河流域,顾勒大桥,03-06 16:00,2,9.1,8.19,10.86,816.5,7.8,3.39,0.111,0.029,2.24,--,--
江苏省,淮河流域,团结闸,03-06 17:00,3,9.1,8.22,11.93,928.5,13.3,5.91,0.027,0.034,4.07,--,--
江苏省,淮河流域,大屈,03-06 17:00,3,10.4,8.34,11.30,899.3,6.7,5.28,0.046,0.065,1.79,--,--
浙江省,浙闽片河流,小金山,03-06 17:00,1,13.6,7.86,10.99,139.6,1.6,1.00,--,0.006,0.70,--,--
浙江省,浙闽片河流,三潭岛,03-06 17:00,1,13.5,7.77,10.08,123.6,1.3,1.13,--,0.007,0.69,--,--
浙江省,浙闽片河流,千岛湖大坝前,03-06 17:00,1,14.6,7.61,10.22,122.5,2.2,0.90,0.004,0.005,0.69,--,--
浙江省,太湖流域,奉口,03-06 17:00,3,14.2,7.22,5.99,297.7,5.6,2.37,0.036,0.056,4.41,--,--
浙江省,浙闽片河流,桐君山,03-06 17:00,2,13.3,7.80,10.27,283.8,11.7,1.21,0.056,0.047,1.64,--,--
浙江省,浙闽片河流,洋溪渡,03-06 17:00,2,13.9,7.75,9.77,197.2,3.5,1.73,0.040,0.024,1.22,--,--
浙江省,浙闽片河流,桐庐,03-06 17:00,2,14.5,7.73,10.24,462.1,10.1,2.76,0.071,0.045,2.75,--,--
浙江省,浙闽片河流,街口(鸠坑口),03-06 15:00,1,14.3,7.80,9.85,163.7,2.4,1.64,--,0.012,0.84,--,--
浙江省,浙闽片河流,溪口,03-06 17:00,1,16.1,7.46,12.08,109.1,4.6,0.75,0.010,0.015,1.54,--,--
浙江省,浙闽片河流,清林渡,03-06 17:00,2,12.8,7.58,8.68,497.3,19.1,3.95,0.434,0.087,3.45,--,--
浙江省,浙闽片河流,水车,03-06 17:00,2,16.0,8.27,13.13,10867.0,18.9,1.81,0.282,0.032,2.15,--,--
浙江省,浙闽片河流,大嵩,03-06 17:00,2,13.2,7.48,7.04,1221.1,8.9,2.99,0.025,0.050,1.83,--,--
浙江省,浙闽片河流,北湖中心,03-06 17:00,3,12.1,7.16,10.16,103.9,30.9,2.70,0.038,0.033,1.27,0.008,94329
浙江省,浙闽片河流,长汀,03-06 17:00,1,13.7,7.96,11.73,145.1,6.2,1.54,0.028,0.019,1.70,--,--
浙江省,浙闽片河流,菁江渡（浦口闸）,03-06 17:00,2,13.0,7.47,8.91,418.2,11.0,3.98,0.054,0.062,2.57,--,--
浙江省,浙闽片河流,梁桥,03-06 17:00,4,15.4,7.44,10.53,122.3,3.4,1.59,0.069,0.271,2.62,--,--
浙江省,浙闽片河流,四灶浦闸,03-06 17:00,3,12.8,8.40,11.99,3867.3,13.6,5.46,0.012,0.032,2.05,--,--
浙江省,浙闽片河流,赵山渡,03-06 17:00,1,17.2,7.44,10.15,48.9,1.8,1.15,0.011,0.008,0.57,--,--
浙江省,浙闽片河流,小旦,03-06 17:00,1,15.5,7.21,9.62,133.3,66.5,1.07,--,0.019,1.16,--,--
浙江省,浙闽片河流,大荆,03-06 17:00,2,16.3,7.81,10.84,422.8,5.5,1.09,0.171,0.033,1.47,--,--
浙江省,浙闽片河流,蒲岐,03-06 17:00,3,16.0,7.48,7.38,759.3,14.5,2.20,0.298,0.110,1.59,--,--
浙江省,浙闽片河流,沙头,03-06 17:00,3,16.7,7.21,10.03,60.2,3.6,1.06,0.006,0.150,--,--,--
浙江省,太湖流域,王江泾,03-06 17:00,3,14.5,7.39,5.93,643.2,22.2,4.20,0.149,0.081,3.22,--,--
浙江省,太湖流域,湘家荡,03-06 17:00,2,11.8,8.03,11.02,514.0,6.0,2.46,0.018,0.041,0.54,--,--
浙江省,太湖流域,池家浜水文站,03-06 17:00,2,12.3,7.61,8.70,558.8,21.7,3.11,0.110,0.057,2.43,--,--
浙江省,太湖流域,长山闸一号桥,03-06 17:00,2,12.8,7.91,11.48,636.0,13.2,3.44,0.098,0.043,3.52,--,--
浙江省,太湖流域,南台头闸一号桥,03-06 17:00,2,12.9,7.60,8.51,886.5,18.5,3.35,0.245,0.094,4.46,--,--
浙江省,太湖流域,上塘河排涝闸,03-06 17:00,2,13.1,7.89,7.13,726.5,5.6,1.91,0.049,0.039,2.64,--,--
浙江省,太湖流域,盐官排涝枢纽,03-06 17:00,2,12.6,7.98,10.49,629.9,25.1,2.90,0.240,0.039,3.07,--,--
浙江省,太湖流域,卫八路桥（嘉兴金桥）,03-06 16:00,2,12.6,7.45,9.28,807.2,26.5,3.33,--,0.087,5.14,--,--
浙江省,太湖流域,漕廊公路桥,03-06 16:00,3,12.0,7.45,6.52,824.9,11.4,4.16,0.476,0.098,6.26,--,--
浙江省,太湖流域,朱枫公路桥（清凉大桥）,03-06 17:00,2,11.6,7.52,7.52,581.7,32.9,3.54,0.361,0.078,4.03,--,--
浙江省,太湖流域,红旗塘大坝,03-06 17:00,2,12.4,7.85,8.69,636.9,68.5,3.88,0.243,0.070,3.58,--,--
浙江省,太湖流域,枫南大桥,03-06 17:00,3,11.8,7.11,6.72,580.9,32.3,4.03,0.314,0.117,4.00,--,--
浙江省,太湖流域,青阳汇,03-06 17:00,2,12.1,7.56,8.94,527.3,31.2,3.94,0.268,0.081,5.07,--,--
浙江省,太湖流域,小新村,03-06 17:00,3,12.0,7.61,8.33,640.4,40.6,4.24,0.285,0.107,5.26,--,--
浙江省,太湖流域,乌镇北,03-06 17:00,3,11.5,7.62,7.28,545.3,67.2,4.94,0.229,0.080,3.90,--,--
浙江省,太湖流域,新港口(新塘港),03-06 16:00,2,10.9,8.61,10.66,466.5,118.2,2.83,0.257,0.046,1.61,0.073,--
浙江省,太湖流域,大钱,03-06 16:00,3,11.6,8.34,11.18,467.4,147.0,4.05,0.208,0.066,1.89,--,--
浙江省,太湖流域,南浔,03-06 17:00,2,14.3,7.70,9.48,562.2,57.1,2.99,0.417,0.081,4.04,--,--
浙江省,太湖流域,城西大桥,03-06 17:00,2,12.2,7.51,9.45,438.3,18.2,2.74,0.286,0.050,4.48,--,--
浙江省,太湖流域,汤溇,03-06 16:00,2,11.8,8.25,11.03,398.2,105.4,2.67,0.145,0.032,1.13,--,--
浙江省,太湖流域,塘浦,03-06 17:00,2,12.0,7.06,10.53,162.2,5.5,2.01,0.134,0.034,2.95,--,--
浙江省,太湖流域,荆湾,03-06 17:00,3,12.7,6.80,8.36,372.2,1.8,2.15,0.506,0.058,4.63,--,--
浙江省,太湖流域,铁路桥,03-06 17:00,2,12.5,7.10,7.47,413.7,3.0,2.91,0.486,0.047,4.98,--,--
浙江省,太湖流域,小梅口,03-06 17:00,2,11.0,8.15,10.29,383.4,34.5,3.03,0.197,0.052,2.06,--,--
浙江省,太湖流域,杨家浦,03-06 17:00,2,12.4,7.69,8.36,568.4,49.5,3.16,0.145,0.054,4.39,--,--
浙江省,太湖流域,新塘,03-06 17:00,3,12.8,7.55,6.26,597.8,9.5,3.64,0.531,0.068,4.78,--,--
浙江省,浙闽片河流,曹娥江大闸闸前,03-06 17:00,2,12.6,8.00,10.46,583.9,3.0,2.95,0.023,0.024,2.31,--,--
浙江省,浙闽片河流,屠家埠,03-06 17:00,2,13.4,7.26,6.74,257.8,8.6,3.05,0.459,0.086,2.89,--,--
浙江省,浙闽片河流,葛山头,03-06 17:00,2,12.9,7.57,8.85,540.5,8.0,3.45,0.117,0.039,2.89,--,--
浙江省,浙闽片河流,湄池,03-06 17:00,2,13.4,7.35,6.97,536.6,23.6,3.79,0.332,0.068,3.88,--,--
浙江省,浙闽片河流,王家泾,03-06 17:00,3,13.6,6.97,5.70,277.0,9.6,5.22,0.243,0.064,3.16,--,--
浙江省,浙闽片河流,汤曹汇合口,03-06 17:00,2,12.3,7.64,9.51,578.2,17.7,2.79,0.156,0.030,3.04,--,--
浙江省,浙闽片河流,义东桥,03-06 17:00,5,15.6,7.50,9.02,368.7,9.7,4.87,1.837,0.228,5.20,--,--
浙江省,浙闽片河流,塔下洲,03-06 17:00,3,14.3,7.47,7.84,492.5,19.7,2.96,0.367,0.119,4.52,--,--
浙江省,浙闽片河流,东关桥,03-06 17:00,3,15.2,7.55,8.52,506.9,6.2,4.02,0.352,0.121,4.56,--,--
浙江省,浙闽片河流,费垅,03-06 17:00,3,15.3,7.41,9.23,436.4,2.2,4.63,0.429,0.151,4.47,--,--
浙江省,浙闽片河流,台口,03-06 17:00,2,14.1,8.26,10.72,242.6,4.3,2.04,0.097,0.080,3.48,--,--
浙江省,浙闽片河流,南江桥,03-06 17:00,3,16.3,8.52,9.77,444.4,14.8,3.95,0.113,0.111,3.47,--,--
浙江省,浙闽片河流,横山,03-06 17:00,2,15.4,7.52,8.41,457.3,3.8,2.89,0.426,0.072,2.52,--,--
浙江省,浙闽片河流,洪坞桥,03-06 17:00,3,19.4,8.88,11.74,306.1,8.6,3.75,0.234,0.149,4.50,--,--
浙江省,浙闽片河流,章店,03-06 17:00,4,16.9,7.56,8.91,296.1,12.3,4.81,0.375,0.221,3.74,--,--
浙江省,浙闽片河流,将军岩,03-06 17:00,2,14.7,7.37,10.12,449.3,2.8,3.06,0.352,0.097,3.40,--,--
浙江省,浙闽片河流,浮石渡,03-06 17:00,2,14.9,7.61,8.78,249.8,3.6,2.06,0.070,0.069,2.90,--,--
浙江省,浙闽片河流,双港口,03-06 17:00,2,17.0,7.22,9.92,204.1,12.3,2.95,0.061,0.083,2.78,--,--
浙江省,浙闽片河流,郑家,03-06 17:00,2,14.5,6.69,8.16,140.8,14.8,1.52,0.075,0.048,2.25,--,--
浙江省,浙闽片河流,下界首,03-06 17:00,2,16.1,8.90,14.97,235.4,1.4,1.25,0.031,0.022,1.63,--,--
浙江省,浙闽片河流,下童,03-06 17:00,2,14.8,7.55,8.97,446.8,51.7,2.55,0.286,0.059,2.58,--,--
浙江省,浙闽片河流,东迹渡,03-06 17:00,1,16.2,7.48,9.88,93.9,2.3,--,0.020,--,2.33,--,--
浙江省,长江流域,苏庄,03-06 16:00,2,15.7,7.01,9.89,64.3,64.8,2.73,0.003,0.018,1.96,--,--
浙江省,浙闽片河流,临城,03-06 17:00,4,13.1,8.57,11.87,1678.0,6.1,3.71,1.091,0.138,2.80,--,--
浙江省,浙闽片河流,长潭水库坝口,03-06 17:00,2,14.8,7.54,12.16,46.4,1.8,1.67,0.012,0.018,0.35,--,--
浙江省,浙闽片河流,老鼠屿,03-06 17:00,3,14.2,7.61,6.84,26608.7,170.3,5.39,0.008,0.048,2.06,--,--
浙江省,浙闽片河流,金清新闸,03-06 17:00,3,14.3,7.95,8.05,4094.3,13.8,4.81,0.264,--,4.81,--,--
浙江省,浙闽片河流,里石门水库,03-06 17:00,1,14.4,7.60,10.45,83.7,1.1,1.62,0.011,0.007,0.71,0.002,176336
浙江省,浙闽片河流,温峤,03-06 17:00,2,14.8,7.88,7.74,1874.0,3.6,--,0.293,0.078,3.00,--,--
浙江省,浙闽片河流,永宁江口,03-06 17:00,2,14.5,7.56,7.91,346.3,52.5,2.50,0.393,0.091,2.51,--,--
浙江省,浙闽片河流,沙段,03-06 17:00,2,14.4,7.36,9.38,326.3,1.7,2.64,0.086,0.038,2.42,--,--
浙江省,浙闽片河流,柏枝岙,03-06 17:00,2,15.6,7.13,9.76,188.9,3.3,1.18,0.101,0.050,2.08,--,--
浙江省,浙闽片河流,均溪,03-06 17:00,1,15.3,7.20,9.77,63.0,4.2,0.95,0.023,0.008,0.87,--,--
浙江省,浙闽片河流,风化,03-06 17:00,2,16.6,7.32,8.95,185.5,4.4,1.88,0.160,0.072,2.30,--,--
浙江省,浙闽片河流,临江,03-06 17:00,2,17.1,7.30,9.53,69.1,15.9,1.59,0.121,0.056,1.21,--,--
浙江省,浙闽片河流,松阳二中,03-06 17:00,2,17.1,6.56,9.82,221.9,6.8,1.26,0.119,0.064,3.12,--,--
浙江省,浙闽片河流,堰后,03-06 17:00,2,16.3,7.47,9.60,194.7,5.4,1.89,0.079,0.049,2.49,--,--
浙江省,浙闽片河流,沙湾上,03-06 17:00,1,14.2,7.48,10.15,31.8,2.0,1.05,0.056,0.008,0.41,--,--
浙江省,浙闽片河流,小溪口,03-06 17:00,1,15.4,6.64,9.40,43.8,5.4,1.04,--,0.010,0.52,--,--
安徽省,巢湖流域,三胜大队渡口,03-06 17:00,2,11.6,7.99,9.86,326.9,49.3,2.61,0.120,0.063,1.11,--,--
安徽省,巢湖流域,入湖口渡口,03-06 17:00,2,11.5,7.78,8.67,456.6,14.7,3.77,0.280,0.048,1.64,--,--
安徽省,巢湖流域,牛角大圩,03-06 17:00,3,12.8,7.61,9.56,579.0,15.8,4.16,0.446,0.049,3.14,--,--
安徽省,巢湖流域,北闸渡口(杭埠河),03-06 17:00,2,11.8,6.95,10.12,253.2,36.0,3.96,0.452,0.083,5.77,--,--
安徽省,巢湖流域,希望桥,03-06 17:00,5,13.9,7.15,6.49,460.7,10.4,4.00,1.512,0.124,5.34,--,--
安徽省,巢湖流域,柘皋大桥,03-06 17:00,3,12.8,7.47,7.96,440.0,31.6,4.97,0.332,0.069,2.76,--,--
安徽省,巢湖流域,黄麓,03-06 17:00,3,10.5,8.27,11.69,388.8,21.6,1.92,--,0.029,0.70,0.012,2951717
安徽省,巢湖流域,三河镇大桥,03-06 17:00,4,10.7,6.87,7.39,321.6,21.5,6.52,0.654,0.107,6.83,--,--
安徽省,巢湖流域,三河镇新大桥,03-06 17:00,2,12.0,7.25,9.26,159.5,16.8,--,0.339,0.079,3.39,--,--
安徽省,巢湖流域,施口,03-06 17:00,5,13.0,7.31,5.94,651.3,20.7,--,1.645,0.128,5.12,--,--
安徽省,巢湖流域,靠近大坝,03-06 17:00,2,10.1,6.64,10.95,125.4,6.1,1.69,0.032,0.010,0.80,0.006,449356
安徽省,巢湖流域,新河入湖区,03-06 17:00,4,10.2,6.97,10.02,310.0,30.7,4.61,0.892,0.084,5.24,0.004,19554770
安徽省,巢湖流域,西半湖湖心,03-06 17:00,4,11.1,7.94,11.63,563.2,33.9,3.91,0.050,0.066,2.47,0.055,3351280
安徽省,巢湖流域,龟山,03-06 17:00,3,10.6,7.69,11.22,403.4,42.7,2.69,--,0.040,0.80,0.009,1304830
安徽省,巢湖流域,忠庙,03-06 17:00,4,11.7,8.29,10.62,524.9,38.1,3.16,0.022,0.052,--,0.006,2412818
安徽省,巢湖流域,兆河入湖区,03-06 17:00,3,10.4,8.15,10.83,438.9,57.5,2.99,0.012,0.046,1.42,0.013,1449809
安徽省,巢湖流域,双桥河入湖口,03-06 17:00,2,12.6,8.00,9.64,391.4,208.2,2.94,0.128,0.028,1.31,--,--
安徽省,巢湖流域,繁华大道桥,03-06 17:00,5,13.0,7.33,5.87,551.2,9.3,6.10,1.594,0.156,5.00,--,--
安徽省,长江流域,东西梁山,03-06 17:00,2,13.2,7.84,9.53,380.2,6.4,1.22,0.070,0.069,1.93,--,--
安徽省,长江流域,宝塔根,03-06 17:00,2,13.2,7.97,9.54,380.7,22.3,1.66,0.086,0.058,2.16,--,--
安徽省,巢湖流域,裕溪口,03-06 17:00,2,11.3,7.90,10.84,402.7,56.2,3.43,0.253,0.045,1.56,--,--
安徽省,长江流域,荻港,03-06 17:00,2,12.2,7.68,10.99,365.5,18.9,2.33,0.094,0.046,2.48,--,--
安徽省,长江流域,澛港桥,03-06 17:00,2,12.7,7.47,8.70,271.3,6.7,3.70,0.281,0.056,2.36,--,--
安徽省,长江流域,西河入裕溪河口,03-06 17:00,2,12.6,7.72,9.17,487.0,14.4,3.69,0.137,0.045,1.46,--,--
安徽省,淮河流域,沫河口,03-06 17:00,2,10.7,7.96,9.58,738.7,9.6,2.60,0.029,0.048,3.61,--,--
安徽省,淮河流域,关咀,03-06 16:00,2,10.4,7.85,10.42,1144.1,2.7,2.60,0.014,0.030,2.14,--,--
安徽省,淮河流域,五河,03-06 16:00,2,8.9,8.16,9.87,1001.3,2.4,3.76,0.037,0.052,1.47,--,--
安徽省,淮河流域,蚌埠固镇,03-06 17:00,2,9.9,8.18,10.38,1606.9,28.2,2.77,0.204,0.082,5.56,--,--
安徽省,淮河流域,蚌埠闸上(蚌埠闸),03-06 17:00,2,11.2,8.02,8.41,795.7,10.0,2.74,0.030,0.047,4.14,--,--
安徽省,淮河流域,湖沟,03-06 16:00,3,10.2,8.29,10.37,1836.3,13.5,4.97,0.128,0.052,6.48,--,--
安徽省,淮河流域,石头埠,03-06 16:00,2,10.6,8.19,10.63,603.8,3.5,2.81,0.116,0.039,3.49,--,--
安徽省,淮河流域,鲁台孜,03-06 16:00,2,10.5,7.86,9.81,543.5,12.0,2.65,0.118,0.048,3.21,--,--
安徽省,淮河流域,西淝河闸下,03-06 16:00,2,10.3,8.42,11.53,913.0,19.2,2.25,0.064,0.036,7.36,--,--
安徽省,淮河流域,新城口,03-06 16:00,2,9.7,7.90,9.83,672.1,3.1,3.93,0.045,0.020,3.45,--,--
安徽省,淮河流域,焦岗湖,03-06 17:00,3,10.4,8.21,11.02,806.7,11.4,4.73,0.030,0.026,0.88,0.013,2647015
安徽省,淮河流域,大店岗,03-06 16:00,4,11.4,7.06,10.32,311.0,10.4,4.27,1.100,0.066,6.18,--,--
安徽省,淮河流域,五里闸,03-06 16:00,2,11.1,8.71,13.32,458.3,4.7,3.76,0.016,0.048,0.75,--,--
安徽省,淮河流域,白洋淀渡口,03-06 16:00,6,11.3,7.14,6.92,632.1,12.8,7.26,2.465,0.148,16.01,--,--
安徽省,长江流域,三兴村,03-06 16:00,2,12.8,8.04,9.52,395.6,16.7,2.02,0.062,0.045,--,--,--
安徽省,长江流域,得胜河入江口,03-06 17:00,2,13.0,7.94,8.79,566.3,28.6,2.78,0.151,0.051,2.66,--,--
安徽省,长江流域,姑溪河大桥,03-06 17:00,2,12.3,7.37,10.46,257.9,45.9,2.30,0.176,0.048,2.34,--,--
安徽省,长江流域,当涂查湾,03-06 17:00,2,13.0,7.43,9.01,195.6,39.1,2.69,0.048,0.034,1.78,--,--
安徽省,长江流域,乌江,03-06 15:00,2,11.5,8.18,11.04,472.1,23.3,1.95,0.205,0.054,2.60,--,--
安徽省,长江流域,雨山河下游,03-06 17:00,4,14.9,7.28,7.70,756.2,10.9,3.21,0.555,0.212,5.85,--,--
安徽省,淮河流域,小王桥,03-06 17:00,3,10.5,8.08,7.36,2243.6,3.2,4.04,0.058,0.070,4.55,--,--
安徽省,淮河流域,后常桥,03-06 16:00,2,10.0,8.35,10.92,1513.6,9.9,3.06,0.018,0.065,1.20,--,--
安徽省,淮河流域,李大桥闸,03-06 17:00,3,10.1,8.28,12.66,1134.7,3.4,4.80,0.016,0.094,0.72,--,--
安徽省,长江流域,顺安河入江口,03-06 16:00,3,12.8,7.55,13.30,462.5,21.7,3.92,0.281,0.101,3.45,--,--
安徽省,长江流域,陈家墩,03-06 16:00,2,12.8,8.15,10.31,379.9,15.2,1.90,0.085,0.049,1.86,--,--
安徽省,长江流域,武昌湖,03-06 16:00,3,11.8,7.75,10.62,193.0,51.0,3.79,0.079,0.044,1.46,0.016,14942180
安徽省,长江流域,前江口,03-06 16:00,2,13.1,7.92,10.00,387.6,35.3,1.90,0.074,0.065,2.51,--,--
安徽省,长江流域,花亭湖坝前,03-06 16:00,1,11.0,7.60,10.75,96.4,0.9,1.58,0.007,0.006,0.42,0.001,126740
安徽省,长江流域,华阳河入江口,03-06 16:00,2,12.6,8.13,10.16,459.6,22.1,2.93,0.184,0.029,1.80,--,--
安徽省,长江流域,水厂取水口,03-06 16:00,2,12.3,7.31,12.12,125.6,3.5,1.59,0.006,0.029,1.70,--,--
安徽省,长江流域,皖河大桥,03-06 16:00,2,12.8,7.36,10.18,218.2,45.1,3.91,0.177,0.061,2.73,--,--
安徽省,长江流域,车轴寺大桥,03-06 16:00,2,12.8,6.95,9.70,134.4,9.3,2.15,0.008,0.025,1.87,--,--
安徽省,浙闽片河流,篁墩,03-06 16:00,3,16.3,6.60,8.33,216.6,142.4,3.23,0.065,0.101,2.39,--,--
安徽省,浙闽片河流,率水大桥,03-06 16:00,2,13.6,7.19,8.74,91.7,11.4,1.30,0.060,0.046,2.08,--,--
安徽省,浙闽片河流,横江大桥,03-06 16:00,2,14.9,6.83,8.87,321.5,13.8,3.98,0.017,0.054,1.57,--,--
安徽省,浙闽片河流,浦口,03-06 16:00,3,13.5,8.20,15.02,512.4,18.2,4.76,0.010,0.110,3.98,--,--
安徽省,长江流域,太平湖湖心,03-06 17:00,1,11.0,7.56,11.18,114.8,2.5,1.21,--,0.005,0.56,0.001,158586
安徽省,浙闽片河流,新管,03-06 16:00,2,13.6,8.19,14.75,307.7,15.6,2.32,0.004,0.049,--,--,--
安徽省,淮河流域,天长化工厂,03-06 17:00,4,10.4,7.63,6.60,1263.5,30.7,6.77,1.210,0.109,8.21,--,--
安徽省,淮河流域,公路桥,03-06 17:00,3,10.7,7.28,6.03,672.4,20.0,5.11,0.201,0.095,2.14,--,--
安徽省,淮河流域,小柳巷,03-06 17:00,2,9.3,8.29,10.43,899.1,14.8,3.07,0.363,0.065,4.27,--,--
安徽省,长江流域,水口,03-06 17:00,4,11.1,7.98,10.40,1364.8,17.3,7.88,0.453,0.154,13.22,--,--
安徽省,长江流域,乌衣下,03-06 17:00,2,12.4,7.50,9.41,1043.8,13.1,2.78,0.330,0.092,8.99,--,--
安徽省,长江流域,襄河大桥,03-06 17:00,4,12.0,7.45,6.42,548.0,27.5,9.90,0.711,0.115,4.99,--,--
安徽省,长江流域,清流河口,03-06 16:00,3,12.9,7.61,8.29,1208.2,8.7,4.69,0.109,0.060,6.56,--,--
安徽省,淮河流域,阜阳段下,03-06 16:00,2,10.6,7.93,8.72,1030.9,8.0,--,0.164,0.098,8.74,--,--
安徽省,淮河流域,杨湖,03-06 16:00,2,10.5,7.97,11.31,995.1,10.9,3.09,0.101,0.059,6.11,--,--
安徽省,淮河流域,张大桥,03-06 17:00,2,10.6,8.27,11.95,1513.9,2.6,3.07,0.326,0.075,10.74,--,--
安徽省,淮河流域,王家坝,03-06 17:00,3,11.1,7.90,9.28,573.0,7.0,3.80,0.479,0.102,3.02,--,--
安徽省,淮河流域,界首七渡口(七渡口),03-06 17:00,3,10.7,7.48,6.57,996.1,11.6,--,0.232,0.107,7.55,--,--
安徽省,淮河流域,阜南,03-06 16:00,2,11.1,8.00,11.73,614.9,4.0,2.69,0.009,0.023,--,--,--
安徽省,淮河流域,阜阳段上游,03-06 16:00,2,11.2,7.64,7.28,1040.9,9.5,3.58,0.112,0.078,8.09,--,--
安徽省,淮河流域,奎河苏皖省界（黄桥）,03-06 17:00,3,11.2,7.10,10.99,1086.9,10.0,4.05,0.606,0.112,6.58,--,--
安徽省,淮河流域,东坪集,03-06 16:00,2,9.9,8.20,9.41,1812.7,19.4,3.86,0.150,0.053,6.59,--,--
安徽省,淮河流域,符离闸,03-06 16:00,3,14.2,8.06,8.64,1216.5,6.1,4.19,0.078,0.063,3.31,--,--
安徽省,淮河流域,芦岭桥,03-06 17:00,2,9.9,8.36,11.02,1286.7,12.8,3.57,0.052,0.034,3.01,--,--
安徽省,淮河流域,下楼公路桥,03-06 17:00,2,11.9,7.90,12.90,812.7,4.1,3.02,0.055,0.067,1.26,--,--
安徽省,淮河流域,工农兵大桥,03-06 16:00,3,10.4,8.10,14.01,459.4,3.8,4.15,0.166,0.083,2.40,--,--
安徽省,淮河流域,陶洪集,03-06 16:00,2,12.0,7.44,9.69,147.1,14.2,2.43,0.114,0.044,2.05,--,--
安徽省,淮河流域,东湖闸,03-06 16:00,2,10.6,7.47,11.61,231.9,48.2,--,0.053,0.041,1.25,--,--
安徽省,淮河流域,新安渡口,03-06 16:00,2,10.4,7.47,8.29,331.5,1.2,2.88,0.090,0.016,3.10,--,--
安徽省,淮河流域,响洪甸水库出水口,03-06 16:00,1,10.6,7.16,10.73,92.5,5.3,1.70,0.003,0.009,0.90,--,--
安徽省,淮河流域,丁埠大桥,03-06 16:00,2,10.6,7.88,10.56,103.4,3.6,1.49,0.003,0.029,0.58,--,--
安徽省,巢湖流域,将军宕大桥,03-06 16:00,2,10.8,7.00,9.49,155.9,29.6,3.28,0.077,0.058,3.57,--,--
安徽省,淮河流域,固始李畈,03-06 16:00,2,9.7,7.14,9.80,211.0,3.3,2.24,0.019,0.032,2.70,--,--
安徽省,淮河流域,龙亢,03-06 15:00,2,9.9,7.89,7.23,1716.2,10.7,3.58,0.048,0.065,5.07,--,--
安徽省,淮河流域,涡阳义门大桥,03-06 16:00,3,10.9,7.84,7.03,1914.6,7.4,4.21,0.405,0.090,5.17,--,--
安徽省,淮河流域,利辛段,03-06 17:00,3,11.6,8.15,12.74,1165.6,8.7,4.29,--,0.030,7.20,--,--
安徽省,长江流域,五步沟,03-06 16:00,2,12.7,7.92,9.91,378.0,17.8,1.34,0.066,0.045,1.67,--,--
安徽省,长江流域,张溪,03-06 16:00,1,13.4,8.03,10.74,229.5,4.9,1.09,0.002,0.011,1.90,--,--
安徽省,长江流域,青通河河口,03-06 16:00,2,13.0,7.79,8.71,304.7,43.5,2.87,0.102,0.050,2.96,--,--
安徽省,长江流域,秋浦河入江口,03-06 16:00,2,17.3,7.77,9.38,--,8.0,1.99,0.077,0.037,2.90,--,--
安徽省,长江流域,东流,03-06 16:00,2,13.5,7.58,9.94,166.0,81.0,2.15,0.124,0.041,--,--,--
安徽省,长江流域,南漪湖西湖湖心,03-06 17:00,3,11.2,7.79,10.86,280.6,59.8,2.25,0.050,0.042,1.00,0.003,28675860
安徽省,太湖流域,殷桥,03-06 16:00,4,13.6,7.18,8.10,347.4,17.6,7.69,0.137,0.097,2.74,--,--
安徽省,长江流域,泾南交界,03-06 17:00,2,13.0,8.24,12.44,164.5,13.1,1.69,0.008,0.028,1.60,--,--
安徽省,长江流域,汪溪,03-06 17:00,2,13.3,7.97,9.89,208.1,41.2,0.94,0.049,0.049,1.90,--,--
安徽省,长江流域,狮子口,03-06 17:00,3,13.4,7.76,9.89,531.7,21.3,4.63,0.490,0.109,4.42,--,--
安徽省,长江流域,东村桥,03-06 16:00,2,12.6,8.10,10.06,547.7,3.6,--,0.026,0.026,1.71,--,--
安徽省,长江流域,旌泾交界,03-06 16:00,2,14.0,7.91,11.57,171.4,6.9,2.14,0.020,0.087,2.08,--,--
安徽省,长江流域,水碧桥,03-06 16:00,2,12.3,7.36,9.10,241.6,9.9,1.40,0.169,0.049,2.14,--,--
福建省,浙闽片河流,闽侯竹岐,03-06 16:00,2,16.0,6.97,9.25,253.3,25.5,1.75,0.018,0.074,1.63,--,--
福建省,浙闽片河流,闽安,03-06 17:00,3,15.6,7.67,8.13,16271.5,184.4,3.67,0.426,0.142,3.55,--,--
福建省,浙闽片河流,连江荷山渡口,03-06 17:00,6,16.4,7.84,7.90,134.7,339.5,11.73,1.868,1.616,12.40,--,--
福建省,浙闽片河流,永泰横龙,03-06 17:00,1,17.7,8.09,10.17,83.9,3.6,1.42,--,0.008,0.63,--,--
福建省,浙闽片河流,闽清雄江,03-06 17:00,2,17.3,7.64,7.60,238.5,3.0,2.25,0.051,0.043,1.60,--,--
福建省,浙闽片河流,梅溪口,03-06 17:00,3,17.8,7.37,9.73,162.8,6.7,2.72,0.065,0.104,2.32,--,--
福建省,浙闽片河流,隘头潭,03-06 17:00,2,21.7,6.72,10.42,207.9,2.2,1.14,0.029,0.039,0.41,--,--
福建省,浙闽片河流,园头桥,03-06 17:00,4,18.1,7.24,8.22,160.4,13.4,2.78,0.242,0.238,3.97,--,--
福建省,浙闽片河流,江口桥,03-06 17:00,3,17.1,7.64,7.88,26217.3,22.9,2.15,0.700,0.112,4.73,--,--
福建省,浙闽片河流,将乐万全,03-06 17:00,1,14.2,7.01,8.80,93.8,1.5,1.51,--,0.018,0.93,--,--
福建省,浙闽片河流,宁化肖家,03-06 17:00,3,16.7,7.02,7.33,135.2,8.2,4.05,0.175,0.114,2.32,--,--
福建省,浙闽片河流,永安安砂水库下游,03-06 17:00,1,16.6,7.16,7.87,152.2,1.7,1.44,0.027,0.017,1.18,--,--
福建省,浙闽片河流,永安贡川桥,03-06 15:00,2,17.2,6.69,6.62,188.3,3.9,2.33,0.086,0.060,1.68,--,--
福建省,浙闽片河流,斑竹溪渡口,03-06 17:00,2,18.0,7.08,6.16,339.5,4.5,1.84,0.166,0.086,1.76,--,--
福建省,浙闽片河流,建宁袁庄,03-06 17:00,2,16.2,7.14,10.07,68.6,2.2,0.68,0.007,0.047,1.08,--,--
福建省,浙闽片河流,尤溪拥口大桥,03-06 17:00,3,18.5,7.21,5.34,140.3,1.5,1.30,0.239,0.044,1.44,--,--
福建省,浙闽片河流,南安康美桥,03-06 17:00,3,19.5,7.21,7.42,197.1,8.1,5.15,0.656,--,5.15,--,--
福建省,浙闽片河流,永春东关桥,03-06 17:00,2,17.9,6.78,7.85,172.0,7.6,2.22,0.110,0.096,3.50,--,--
福建省,浙闽片河流,安溪罗内桥,03-06 17:00,3,19.1,6.69,6.66,143.5,19.9,2.57,0.411,0.167,3.84,--,--
福建省,浙闽片河流,南安霞东桥,03-06 17:00,4,20.8,7.02,4.33,226.2,3.5,0.79,0.651,0.155,3.99,--,--
福建省,浙闽片河流,华安西陂,03-06 17:00,2,19.7,7.13,6.56,292.3,18.3,1.61,0.310,0.060,1.80,--,--
福建省,浙闽片河流,南靖靖城桥,03-06 17:00,2,21.6,6.64,8.04,160.9,58.2,3.06,0.255,0.094,5.66,--,--
福建省,浙闽片河流,诏安澳子头,03-06 17:00,5,21.4,6.99,6.42,205.6,2.6,4.69,0.843,0.308,3.12,--,--
福建省,浙闽片河流,南靖洪濑汤坑桥,03-06 14:00,3,22.0,6.67,7.52,242.8,12.0,3.57,0.198,0.168,11.23,--,--
福建省,浙闽片河流,浦南水文站,03-06 17:00,2,19.7,6.90,7.26,281.5,26.6,1.59,0.209,0.029,2.69,--,--
福建省,浙闽片河流,南溪浮宫桥,03-06 17:00,3,19.7,7.46,5.24,12874.0,270.7,4.33,0.208,0.190,2.63,--,--
福建省,浙闽片河流,上坂,03-06 17:00,4,21.8,6.60,4.16,249.1,18.1,3.32,0.702,0.160,6.13,--,--
福建省,浙闽片河流,云霄高塘渡口,03-06 17:00,4,21.2,6.60,6.36,688.8,2.6,--,0.426,0.202,5.84,--,--
福建省,浙闽片河流,水汾桥,03-06 17:00,3,18.6,7.07,5.96,365.8,3.4,2.61,0.292,0.076,2.01,--,--
福建省,浙闽片河流,十里庵,03-06 17:00,2,18.6,7.01,6.78,302.3,7.6,1.79,0.223,0.076,2.34,--,--
福建省,浙闽片河流,邵武晒口桥,03-06 17:00,2,17.1,7.06,9.94,153.4,13.1,2.48,0.094,0.073,1.97,--,--
福建省,浙闽片河流,武夷山兴田,03-06 16:00,2,19.0,7.07,10.26,44.9,10.2,2.27,--,0.042,1.22,--,--
福建省,浙闽片河流,建瓯蓬墩,03-06 17:00,2,17.5,6.94,9.08,71.9,10.2,2.29,0.278,0.054,1.76,--,--
福建省,浙闽片河流,浪石,03-06 17:00,2,17.2,7.10,8.24,119.2,10.3,1.55,0.083,0.048,1.60,--,--
福建省,浙闽片河流,将乐樟应,03-06 17:00,2,16.1,7.16,9.22,91.4,11.2,1.60,0.030,0.023,0.97,--,--
福建省,浙闽片河流,建阳坪州大桥,03-06 17:24,2,18.9,7.61,8.89,123.9,4.7,3.15,0.231,0.089,1.98,--,--
福建省,浙闽片河流,政和西津,03-06 17:00,2,18.8,7.36,8.50,133.9,11.1,2.85,0.224,0.098,2.34,--,--
福建省,浙闽片河流,松溪岩下,03-06 16:00,2,18.1,7.27,9.05,110.7,7.0,2.25,0.084,0.053,1.69,--,--
福建省,浙闽片河流,雁石桥,03-06 17:00,2,19.4,7.07,9.24,377.5,6.0,1.55,0.008,0.083,3.19,--,--
福建省,珠江流域,长汀美西桥,03-06 17:00,3,16.8,6.36,6.90,275.2,1.7,3.92,0.728,0.168,3.07,--,--
福建省,浙闽片河流,福安赛岐,03-06 15:00,4,17.2,7.29,7.45,4566.5,285.6,5.46,0.366,0.212,3.43,--,--
福建省,浙闽片河流,八都,03-06 17:00,2,17.2,7.39,8.31,1075.7,2.4,2.91,0.124,0.090,1.93,--,--
福建省,浙闽片河流,福安白塔,03-06 17:00,2,17.5,7.49,9.66,87.9,5.0,1.64,0.041,0.087,2.12,--,--
福建省,浙闽片河流,古田黄田,03-06 17:00,2,18.7,7.23,7.85,302.4,9.7,2.88,0.170,0.080,2.00,--,--
福建省,浙闽片河流,福安洪口,03-06 17:00,1,16.7,6.98,9.14,65.2,12.5,1.34,--,--,2.10,--,--
江西省,长江流域,周坊,03-06 16:00,2,13.3,7.56,10.60,266.6,6.2,2.13,0.023,0.027,1.87,--,--
江西省,长江流域,大港,03-06 17:00,2,14.2,7.81,11.40,312.2,9.3,2.27,0.168,0.046,2.10,--,--
江西省,长江流域,新联,03-06 17:00,3,13.3,7.10,7.86,317.1,18.1,4.38,0.673,0.138,4.36,--,--
江西省,长江流域,生米,03-06 17:00,2,14.5,7.34,8.91,276.8,11.2,2.45,0.092,--,2.06,--,--
江西省,长江流域,滁槎,03-06 17:00,2,13.7,7.45,8.76,297.0,5.7,2.04,0.334,0.063,2.15,--,--
江西省,长江流域,塔城,03-06 17:00,2,14.1,7.62,10.92,143.2,16.6,2.44,0.211,0.059,2.15,--,--
江西省,长江流域,昌邑,03-06 17:00,2,13.7,7.51,10.02,306.9,19.6,2.21,0.117,0.065,1.81,--,--
江西省,长江流域,八一桥,03-06 17:00,2,14.4,7.52,8.58,267.0,10.0,3.08,0.199,0.053,1.98,--,--
江西省,长江流域,焦石坝,03-06 17:00,3,13.6,6.98,7.86,135.1,21.6,4.85,0.282,0.099,2.79,--,--
江西省,长江流域,鲇鱼山,03-06 17:00,2,15.1,7.44,8.94,141.2,8.6,1.37,0.075,0.024,0.74,--,--
江西省,长江流域,戴村,03-06 17:00,2,16.4,7.54,10.63,352.8,6.2,3.04,0.138,0.031,1.78,--,--
江西省,长江流域,南河河口,03-06 17:00,4,16.9,6.95,4.78,272.0,1.8,3.07,0.458,0.145,3.23,--,--
江西省,长江流域,镇埠,03-06 17:00,1,14.2,7.70,11.30,117.1,5.3,--,0.009,0.016,1.16,--,--
江西省,长江流域,龙山口,03-06 17:00,2,14.8,7.77,7.79,331.0,8.0,3.64,0.071,0.036,1.88,--,--
江西省,长江流域,桐车湾,03-06 17:00,3,16.4,7.51,8.36,391.8,3.0,2.77,0.474,0.159,3.84,--,--
江西省,长江流域,金鱼石,03-06 17:00,3,14.0,7.84,9.52,488.2,4.1,2.05,0.136,0.102,2.97,--,--
江西省,长江流域,邓家洲,03-06 16:00,2,15.5,7.62,6.47,557.0,8.5,2.65,0.305,0.098,2.96,--,--
江西省,长江流域,吴城修河,03-06 17:00,2,13.4,7.25,9.52,151.4,27.3,2.16,0.025,0.036,1.15,--,--
江西省,长江流域,姚港(河西水厂),03-06 17:00,2,13.1,8.35,9.72,430.8,27.4,1.93,0.126,0.080,3.23,--,--
江西省,长江流域,湖口,03-06 17:00,2,12.2,7.53,10.15,387.0,31.0,2.05,0.046,0.061,2.27,--,--
江西省,长江流域,蛤蟆石,03-06 17:00,3,12.6,7.17,9.87,347.5,12.3,2.52,0.150,0.034,1.64,0.0003,960345
江西省,长江流域,都昌,03-06 17:00,3,12.5,7.06,10.18,443.8,65.0,2.89,0.171,0.037,2.27,0.007,13200000
江西省,长江流域,潦河河口,03-06 17:00,2,13.8,6.54,9.57,157.4,13.8,2.77,0.146,0.070,1.82,--,--
江西省,长江流域,三都,03-06 17:00,2,18.0,7.04,9.03,208.2,20.6,1.84,0.092,0.055,1.94,--,--
江西省,长江流域,柘林湖坝上,03-06 17:00,1,12.8,7.23,9.77,117.9,1.4,0.94,0.024,0.007,0.23,--,--
江西省,长江流域,洋港镇,03-06 16:00,1,14.7,7.78,10.52,313.1,2.2,0.80,0.009,0.013,1.88,--,--
江西省,长江流域,修水界上桥,03-06 16:00,3,15.0,7.30,11.25,101.8,8.5,4.24,0.121,0.106,3.51,--,--
江西省,长江流域,共青城寨下,03-06 17:00,3,12.9,7.15,7.25,354.3,16.4,4.69,0.347,0.093,3.07,--,--
江西省,长江流域,罗坊,03-06 17:00,2,15.4,7.61,9.85,334.2,20.5,2.44,0.235,0.072,1.72,--,--
江西省,长江流域,孔目江江口,03-06 17:00,3,17.1,7.44,8.55,311.6,18.4,3.97,0.123,0.126,2.53,--,--
江西省,长江流域,浮桥,03-06 17:00,2,13.9,7.97,10.68,314.5,8.4,3.02,0.078,0.040,1.58,--,--
江西省,长江流域,傣家村,03-06 17:00,6,13.2,9.08,12.48,285.4,25.0,4.39,0.101,0.079,1.65,0.026,18280730
江西省,长江流域,炭埠周家（梅港）,03-06 17:00,2,15.7,6.64,7.79,189.5,4.5,3.30,0.187,0.085,2.49,--,--
江西省,长江流域,白塔河河口,03-06 17:00,2,16.4,6.83,9.10,93.9,8.6,2.71,0.121,0.060,1.59,--,--
江西省,长江流域,土桥,03-06 17:00,2,16.4,7.38,8.76,190.8,5.0,3.36,0.327,0.083,2.05,--,--
江西省,长江流域,流口村,03-06 17:00,2,16.1,7.10,7.60,193.6,9.4,2.90,0.133,0.086,2.23,--,--
江西省,长江流域,市自来水厂,03-06 17:00,2,17.8,7.00,7.37,210.4,2.9,2.53,0.447,0.080,1.71,--,--
江西省,长江流域,新庙前,03-06 17:00,2,16.9,7.54,8.51,321.2,16.4,2.72,0.286,0.057,2.50,--,--
江西省,长江流域,赣县梅林,03-06 17:00,2,17.8,7.40,7.63,243.4,5.7,2.49,0.273,--,--,--,--
江西省,长江流域,梓坑,03-06 17:00,2,18.0,7.35,6.69,267.4,7.0,1.50,0.393,0.063,2.84,--,--
江西省,长江流域,峡山,03-06 17:00,2,17.9,7.40,6.56,210.5,7.8,2.41,0.134,0.077,2.17,--,--
江西省,长江流域,梅江江口,03-06 17:00,2,17.9,7.35,7.56,163.2,9.8,3.08,0.372,0.058,2.24,--,--
江西省,长江流域,上犹江江口,03-06 17:00,2,17.4,7.50,8.82,145.0,4.4,3.90,0.050,0.038,1.00,--,--
江西省,长江流域,龙南自来水厂,03-06 17:00,2,17.6,7.40,8.61,212.1,25.3,1.76,0.076,0.056,1.52,--,--
江西省,长江流域,桃江江口,03-06 17:00,2,18.3,7.60,7.96,649.6,7.5,2.19,0.314,0.048,3.62,--,--
江西省,长江流域,大余城郊,03-06 17:00,2,19.8,7.40,9.11,132.4,5.8,1.76,0.066,0.035,0.99,--,--
江西省,长江流域,汝城多发电站,03-06 17:00,2,14.6,7.02,10.19,104.4,0.8,0.85,0.007,0.025,0.72,--,--
江西省,珠江流域,兴宁电站,03-06 17:00,2,19.3,7.34,8.75,182.1,1.5,1.55,0.220,0.020,3.14,--,--
江西省,长江流域,通津,03-06 17:00,2,16.1,7.56,9.91,260.0,3.5,0.89,0.047,0.032,1.48,--,--
江西省,长江流域,金滩,03-06 17:00,2,15.5,7.41,8.75,250.3,8.7,1.84,0.089,0.045,1.56,--,--
江西省,长江流域,孤江江口,03-06 17:00,2,16.6,7.00,9.10,157.8,10.8,2.57,--,0.022,0.62,--,--
江西省,长江流域,禾水河口,03-06 17:00,2,16.1,7.51,6.82,182.3,8.5,1.79,0.048,0.033,1.29,--,--
江西省,长江流域,蜀水河口,03-06 17:00,2,17.6,7.03,9.43,172.0,6.9,1.71,0.085,0.043,1.26,--,--
江西省,长江流域,遂川江江口,03-06 17:00,3,16.1,7.13,8.67,287.5,12.4,2.06,0.350,0.113,1.93,--,--
江西省,长江流域,乌江江口,03-06 17:00,3,14.4,6.95,7.41,156.5,11.5,4.48,0.350,0.103,2.36,--,--
江西省,长江流域,大洋洲,03-06 17:00,2,13.7,7.41,9.81,258.8,10.7,2.03,0.070,0.041,1.41,--,--
江西省,长江流域,棚下(杨村),03-06 17:00,3,15.2,7.66,8.08,240.7,6.3,2.50,0.019,0.103,2.04,--,--
江西省,长江流域,丰城小港口,03-06 17:00,2,14.4,7.24,10.04,286.0,15.8,2.00,0.104,0.037,1.74,--,--
江西省,长江流域,高安市青州村,03-06 17:00,3,14.8,7.16,8.64,211.8,8.6,3.46,0.174,0.106,2.53,--,--
江西省,长江流域,良田村,03-06 17:00,3,15.7,7.26,9.45,203.1,13.2,3.19,0.079,0.104,2.72,--,--
江西省,长江流域,三洪村,03-06 17:00,2,16.1,7.48,9.07,136.0,27.5,3.01,0.186,0.075,2.19,--,--
江西省,长江流域,肖江江口,03-06 17:00,4,14.4,6.72,6.59,223.9,24.8,6.21,0.202,0.125,2.70,--,--
江西省,长江流域,修河港口,03-06 17:00,1,13.8,6.60,11.19,54.0,3.9,1.03,0.003,0.014,2.07,--,--
江西省,长江流域,超坊,03-06 17:00,2,16.2,7.57,9.69,120.1,28.1,3.09,0.230,0.089,1.57,--,--
江西省,长江流域,钟岭水厂,03-06 17:00,2,15.7,7.19,9.26,127.2,11.6,3.17,0.139,0.055,1.92,--,--
江西省,长江流域,临水河口,03-06 17:00,3,16.4,7.00,8.83,120.1,32.1,4.49,0.287,0.101,2.61,--,--
江西省,长江流域,鄱阳石门街,03-06 16:00,2,14.4,8.28,11.25,112.8,5.7,2.35,0.001,0.025,1.67,--,--
江西省,长江流域,赵家湾,03-06 17:00,2,15.1,7.23,7.57,604.4,8.7,2.90,0.487,0.048,2.41,--,--
江西省,长江流域,康山,03-06 17:00,4,14.3,7.17,9.84,239.0,33.3,2.96,0.125,0.087,2.10,0.008,403000
江西省,长江流域,野鸡山村,03-06 17:00,2,16.2,7.29,8.69,681.5,2.2,3.30,0.299,0.041,2.09,--,--
江西省,长江流域,瑞洪大桥,03-06 17:00,2,18.8,7.05,6.35,312.2,14.6,3.00,0.034,0.041,--,--,--
江西省,长江流域,弋阳,03-06 17:00,2,15.7,7.04,7.14,205.4,10.0,2.96,0.064,0.091,2.30,--,--
江西省,长江流域,鄱阳花园,03-06 17:00,2,14.4,6.84,8.74,377.7,7.0,3.06,0.321,0.029,3.59,--,--
江西省,长江流域,洎水河河口,03-06 17:00,2,17.1,6.69,7.30,651.9,6.7,2.38,0.087,0.056,2.74,--,--
江西省,长江流域,铅山,03-06 17:00,3,20.6,7.57,9.78,211.8,23.9,4.06,0.211,0.133,2.66,--,--
江西省,长江流域,旗山,03-06 17:00,3,16.0,7.53,8.46,193.4,6.4,3.29,0.140,0.102,2.25,--,--
江西省,长江流域,应家坊,03-06 17:00,3,24.6,7.78,7.77,--,10.8,0.28,0.638,--,2.57,--,--
山东省,淮河流域,辛丰庄,03-06 17:00,3,10.4,7.91,10.75,1223.0,13.3,2.91,0.430,0.137,8.72,--,--
山东省,黄河流域,泺口,03-06 17:00,2,10.8,8.30,10.38,994.1,582.0,2.03,0.233,0.079,3.65,--,--
山东省,淮河流域,睦里庄,03-06 17:00,1,8.9,7.95,8.63,782.3,10.9,1.55,0.035,0.017,1.75,--,--
山东省,黄河流域,卧虎山水库,03-06 17:00,1,7.2,8.15,14.14,606.8,4.8,1.70,--,0.006,7.32,--,--
山东省,淮河流域,斜拉桥,03-06 17:00,3,7.1,8.56,11.53,1520.1,2.9,5.84,0.030,0.045,11.96,--,--
山东省,淮河流域,马连庄,03-06 17:00,2,8.1,8.50,14.47,864.0,1.1,--,0.009,0.021,14.01,--,--
山东省,淮河流域,吉利河水库出口,03-06 17:00,2,8.2,8.12,11.02,393.7,1.4,3.11,0.006,0.017,1.78,--,--
山东省,淮河流域,墨水河入海口,03-06 17:00,4,15.1,7.09,10.03,1726.8,9.1,5.19,0.387,0.203,9.61,--,--
山东省,淮河流域,韩旺大桥,03-06 17:00,2,9.1,8.20,12.19,912.0,16.5,2.56,0.438,0.023,26.60,--,--
山东省,淮河流域,台儿庄大桥,03-06 17:00,2,9.8,8.80,10.17,1160.5,16.8,0.23,0.221,0.046,8.94,--,--
山东省,淮河流域,群乐桥,03-06 17:00,3,15.3,8.18,18.98,1970.0,4.3,3.95,0.007,0.102,4.30,--,--
山东省,淮河流域,王晁桥,03-06 17:00,3,11.9,7.65,10.70,937.5,6.1,4.06,0.549,0.141,11.77,--,--
山东省,淮河流域,十字河大桥,03-06 17:00,2,10.2,8.64,12.50,1295.1,11.8,3.14,0.013,0.014,2.36,--,--
山东省,淮河流域,贾庄闸,03-06 17:00,3,11.1,8.25,13.48,1317.6,10.3,3.53,0.135,0.106,8.07,--,--
山东省,淮河流域,支脉河陈桥,03-06 17:00,3,7.3,8.51,14.11,3834.0,4.0,5.48,0.160,0.119,6.40,--,--
山东省,淮河流域,新夹河大桥,03-06 16:00,2,7.7,7.73,11.55,829.7,2.1,3.72,0.046,0.036,7.07,--,--
山东省,淮河流域,桥头,03-06 17:00,3,6.4,8.56,10.76,1330.7,7.7,5.82,0.156,0.075,20.98,--,--
山东省,淮河流域,东村河入海口,03-06 17:00,4,9.5,8.25,22.51,729.0,144.1,8.31,0.043,0.109,1.74,--,--
山东省,淮河流域,羊口,03-06 17:00,3,7.5,8.08,11.61,3763.4,49.8,4.49,0.200,0.096,8.42,--,--
山东省,淮河流域,柳疃桥,03-06 17:00,3,7.8,7.85,12.40,1361.1,14.4,4.54,0.688,0.188,8.88,--,--
山东省,淮河流域,张建桥,03-06 17:00,4,8.5,8.86,18.05,1383.0,32.9,8.80,0.064,0.142,20.33,--,--
山东省,淮河流域,兖州南大桥,03-06 17:00,3,10.6,8.11,12.14,1419.9,10.9,5.73,0.104,0.049,3.93,--,--
山东省,淮河流域,105公路桥,03-06 17:00,3,9.9,8.29,11.65,3646.0,19.4,5.93,0.192,0.096,6.78,--,--
山东省,淮河流域,高河桥（老万福河口）,03-06 17:00,3,9.6,8.34,10.17,2662.3,16.0,5.00,0.083,0.068,5.28,--,--
山东省,淮河流域,西石佛,03-06 17:00,3,11.5,8.20,11.64,1680.0,8.0,4.72,0.050,0.013,5.14,--,--
山东省,淮河流域,老运河微山段,03-06 17:00,3,10.6,8.02,11.08,1230.4,6.5,4.68,0.046,0.022,1.66,--,--
山东省,淮河流域,李集,03-06 17:00,3,11.7,8.20,10.05,1641.0,4.3,4.12,0.024,--,2.08,--,--
山东省,淮河流域,尹沟(入湖口),03-06 17:00,2,10.5,8.04,9.87,1188.8,13.7,2.60,0.077,0.048,3.75,0.030,--
山东省,淮河流域,西支河入湖口,03-06 17:00,3,10.0,8.36,11.12,1876.7,8.9,4.74,0.025,0.051,2.85,--,--
山东省,淮河流域,东石佛,03-06 17:00,3,9.7,7.79,10.53,1695.3,10.0,4.38,0.019,0.030,3.70,--,--
山东省,淮河流域,西姚,03-06 17:00,4,10.7,8.76,12.12,2473.0,5.5,6.10,0.055,0.086,3.70,--,--
山东省,淮河流域,鲁桥（马楼）,03-06 17:00,3,10.4,8.29,13.32,2497.6,16.3,5.42,0.049,0.044,6.49,--,--
山东省,淮河流域,牛庄闸,03-06 17:00,2,10.4,7.92,11.18,1612.0,3.1,3.98,--,0.002,3.62,--,--
山东省,淮河流域,湘子庙,03-06 17:00,3,8.7,8.16,9.45,2582.5,34.6,5.06,0.311,0.136,4.04,--,--
山东省,黄河流域,戴村坝（王台大桥）,03-06 17:00,2,9.0,8.09,10.67,1280.4,4.7,3.93,0.293,0.033,12.16,--,--
山东省,黄河流域,徐家汶,03-06 17:00,3,12.1,7.93,8.67,1341.0,17.0,3.45,0.643,0.068,36.85,--,--
山东省,淮河流域,南桥,03-06 17:00,3,9.0,8.58,12.20,1561.9,22.1,4.70,0.792,0.071,5.08,--,--
山东省,淮河流域,大古镇,03-06 17:00,4,9.9,6.79,8.22,664.5,21.1,4.97,1.151,0.187,7.72,--,--
山东省,淮河流域,夏庄（道口）,03-06 17:00,4,10.1,8.40,15.44,1287.3,9.5,8.43,0.431,--,5.85,--,--
山东省,黄河流域,贺小庄,03-06 17:00,3,9.0,8.24,11.26,1221.9,4.0,4.31,0.059,0.036,8.08,--,--
山东省,淮河流域,临沂北大桥,03-06 17:00,2,9.9,8.09,7.48,897.4,5.1,3.95,--,0.038,11.09,--,--
山东省,淮河流域,捷庄(涝沟桥),03-06 17:00,3,11.0,8.34,14.44,655.6,31.8,5.42,0.035,0.071,3.69,--,--
山东省,淮河流域,临沭大兴桥,03-06 17:00,3,9.6,7.72,14.36,786.9,3.9,4.76,0.148,0.075,5.22,--,--
山东省,淮河流域,310公路桥,03-06 17:00,2,12.2,8.43,19.31,1138.4,5.5,2.67,0.006,0.062,11.45,--,--
山东省,淮河流域,沙沟桥(赵楼),03-06 17:00,2,10.5,7.88,11.10,982.5,1.5,--,0.173,0.073,18.22,--,--
山东省,淮河流域,云蒙湖湖心,03-06 17:00,2,6.5,8.52,13.28,514.0,10.2,2.50,0.016,0.018,5.72,0.007,508831
山东省,海河流域,第三店,03-06 07:00,2,6.5,8.14,12.84,1366.3,7.5,3.65,0.048,0.045,5.54,--,--
山东省,海河流域,董姑桥,03-06 17:00,3,8.8,8.05,7.79,3216.0,3.4,5.28,0.039,0.062,4.17,--,--
山东省,海河流域,油坊桥,03-06 17:00,3,6.7,8.49,12.68,1474.0,21.2,4.82,0.432,0.091,8.34,--,--
山东省,海河流域,秤勾湾(秤钩湾),03-06 17:00,3,21.9,8.48,9.01,--,2.3,4.39,0.063,0.126,8.77,--,--
山东省,海河流域,小泊头桥,03-06 17:00,3,5.6,8.11,7.34,1599.0,15.2,4.29,0.086,0.064,7.90,--,--
山东省,海河流域,胜利桥,03-06 17:00,3,3.9,8.29,10.62,3200.7,5.2,5.10,0.040,0.044,4.40,--,--
山东省,海河流域,富国,03-06 17:00,3,8.9,8.14,8.84,3305.1,11.0,4.62,0.027,0.034,3.05,--,--
山东省,海河流域,芦家河子水库,03-06 17:00,2,6.0,8.27,10.90,919.8,3.8,2.23,0.020,0.017,2.98,--,--
山东省,海河流域,三角洼水库,03-06 17:00,1,5.0,8.41,12.00,1127.3,3.3,1.92,0.034,0.012,1.98,--,--
山东省,淮河流域,西闸,03-06 17:00,3,8.3,8.15,11.92,2011.6,12.5,5.48,0.434,0.124,8.91,--,--
山东省,淮河流域,范李,03-06 17:00,3,8.9,7.95,9.37,1899.9,14.9,4.25,0.437,0.088,8.53,--,--
山东省,海河流域,大山,03-06 17:00,3,6.7,8.19,9.52,3659.0,1.9,5.66,0.185,0.065,4.96,--,--
山东省,海河流域,邵家,03-06 17:00,3,6.6,8.51,14.28,5051.8,19.5,5.70,0.206,0.086,4.03,--,--
山东省,淮河流域,于楼,03-06 17:00,4,10.1,8.25,12.04,3003.6,5.3,6.36,0.020,0.126,3.29,--,--
山东省,淮河流域,徐寨,03-06 17:00,6,9.8,8.25,8.05,2181.1,8.4,6.20,2.340,0.318,6.39,--,--
河南省,黄河流域,七里铺,03-06 17:00,3,10.1,8.17,10.84,628.0,22.7,2.88,0.381,0.103,5.07,--,--
河南省,淮河流域,尖岗水库,03-06 17:00,2,7.9,7.98,11.85,248.7,0.7,2.07,0.052,0.004,0.58,--,--
河南省,淮河流域,新郑黄甫寨,03-06 17:00,4,9.8,8.16,11.03,1077.0,8.7,3.74,0.861,0.209,5.34,--,--
河南省,淮河流域,口子,03-06 16:00,1,10.6,8.12,10.39,1065.0,--,--,--,--,--,--,--
河南省,淮河流域,通许邸阁,03-06 17:00,3,14.0,8.13,9.09,1085.9,32.6,4.31,0.092,0.089,1.32,--,--
河南省,黄河流域,高崖寨,03-06 17:00,2,9.2,8.27,10.52,495.3,5.7,1.61,0.078,0.022,3.16,--,--
河南省,黄河流域,龙门大桥,03-06 17:00,2,10.8,8.14,11.34,688.8,7.7,1.77,0.018,0.023,7.12,--,--
河南省,淮河流域,紫罗山,03-06 16:00,2,9.7,7.70,10.40,348.5,7.7,2.36,0.092,0.057,4.74,--,--
河南省,黄河流域,白马寺,03-06 17:00,2,10.4,8.03,10.69,509.4,19.4,1.82,0.106,0.056,4.13,--,--
河南省,黄河流域,潭头,03-06 17:00,1,9.2,8.34,11.43,591.5,6.5,1.50,0.051,0.018,3.71,--,--
河南省,淮河流域,大陈闸,03-06 16:00,2,10.3,7.90,9.83,1019.8,7.9,3.02,0.143,0.037,12.94,--,--
河南省,淮河流域,白龟山水库,03-06 17:00,2,11.4,8.35,9.63,607.4,9.3,--,--,0.023,3.32,0.009,1545000
河南省,淮河流域,杨寨中村,03-06 17:00,3,9.5,8.55,13.00,959.9,31.3,5.47,0.126,0.138,13.84,--,--
河南省,淮河流域,舞钢石庄桥,03-06 16:00,2,9.9,7.83,9.94,490.0,9.4,2.94,0.134,0.081,5.06,--,--
河南省,海河流域,彰武水库,03-06 17:00,1,8.2,8.16,9.45,647.4,3.9,0.74,0.006,--,5.88,--,--
河南省,海河流域,五陵,03-06 17:00,6,8.6,7.84,11.51,1729.6,17.5,4.95,2.292,0.177,10.32,--,--
河南省,海河流域,石辛庄,03-06 17:00,5,9.0,7.98,15.54,1384.7,22.8,5.81,1.884,0.311,16.29,--,--
河南省,海河流域,黄花营,03-06 17:00,1,7.6,8.19,10.25,468.6,2.7,0.90,0.006,0.010,5.64,--,--
河南省,海河流域,前枋城,03-06 17:00,1,9.1,8.20,11.53,673.3,5.6,1.49,0.004,0.012,7.26,--,--
河南省,海河流域,卫河小河口,03-06 17:00,3,8.4,7.78,10.33,1303.7,30.5,2.26,0.810,0.168,9.92,--,--
河南省,海河流域,修武水文站,03-06 17:00,4,10.6,7.79,8.97,1901.5,53.4,4.94,1.362,0.255,9.80,--,--
河南省,海河流域,获嘉东碑村,03-06 17:00,3,9.8,7.37,10.81,2017.9,9.7,2.91,0.012,0.143,3.26,--,--
河南省,黄河流域,封丘陶北,03-06 17:00,3,6.9,8.23,11.72,1059.6,3.1,2.69,0.529,0.127,5.01,--,--
河南省,黄河流域,封丘王堤,03-06 10:41,4,6.8,7.95,9.88,1003.2,18.5,2.04,1.488,0.108,5.11,--,--
河南省,海河流域,新乡贾太湖,03-06 17:00,2,8.2,8.05,11.84,1006.8,51.9,1.37,0.098,0.063,5.16,--,--
河南省,黄河流域,武陟渠首,03-06 17:00,2,9.5,8.24,11.83,939.2,19.3,1.62,0.154,--,5.78,--,--
河南省,黄河流域,孟州石井,03-06 16:00,3,12.0,7.98,9.80,5657.0,6.1,4.48,0.482,0.159,7.95,--,--
河南省,黄河流域,孟州还封村,03-06 16:00,4,11.5,7.73,9.30,1444.4,11.8,2.70,0.922,0.229,11.94,--,--
河南省,黄河流域,贾垓桥（张秋）,03-06 17:00,6,12.6,7.73,1.23,2372.7,48.5,5.94,0.128,0.086,6.15,--,--
河南省,海河流域,南乐元村集,03-06 17:00,5,7.0,7.57,11.44,1697.2,38.0,4.08,1.883,0.195,10.24,--,--
河南省,海河流域,南乐水文站,03-06 17:00,3,9.6,8.09,10.20,884.2,79.1,5.29,0.246,0.187,2.46,--,--
河南省,海河流域,濮阳西水坡,03-06 17:00,1,8.6,8.58,12.50,813.9,3.2,1.96,0.059,0.012,3.00,--,--
河南省,黄河流域,濮阳大韩桥,03-06 16:00,-1,--,--,--,--,--,--,--,--,--,--,--
河南省,淮河流域,白沙水库,03-06 17:00,2,7.5,8.33,11.30,959.9,3.8,2.50,0.046,0.017,6.25,--,--
河南省,淮河流域,临颍吴刘闸,03-06 17:00,2,10.8,8.05,10.29,1036.5,34.0,3.38,0.110,0.096,7.90,--,--
河南省,淮河流域,召陵武湾（西华程湾）,03-06 17:00,2,9.4,8.04,11.22,896.8,6.9,2.45,0.147,0.046,6.60,--,--
河南省,淮河流域,郾城漯邓桥,03-06 17:00,3,13.1,7.85,10.07,1707.2,4.1,3.82,--,0.164,5.34,--,--
河南省,淮河流域,叶舞公路桥,03-06 17:00,2,10.0,8.13,12.36,434.9,4.5,2.53,0.008,0.016,3.48,--,--
河南省,淮河流域,临颍高村桥,03-06 17:00,3,11.4,7.97,10.64,1072.7,3.8,3.31,0.288,0.112,9.62,--,--
河南省,淮河流域,舞阳马湾,03-06 17:00,2,9.3,8.20,10.68,1097.5,12.6,2.96,0.125,0.043,9.17,--,--
河南省,黄河流域,洛河大桥,03-06 17:00,1,9.9,8.22,8.83,426.5,14.8,0.85,--,0.019,1.91,--,--
河南省,黄河流域,三门峡水库,03-06 16:00,1,8.3,8.63,11.18,1162.7,18.6,1.32,0.008,0.008,4.41,0.014,1556331
河南省,长江流域,淅川荆紫关(荆紫关),03-06 17:00,1,8.4,8.09,11.56,556.5,1.3,1.42,0.007,0.014,3.47,--,--
河南省,长江流域,淅川史家湾(史家湾),03-06 17:00,1,11.9,8.36,11.50,474.6,10.7,1.23,--,0.011,2.29,0.002,--
河南省,长江流域,淅川高湾,03-06 17:00,1,11.8,7.84,10.59,405.9,11.6,1.92,0.024,0.019,2.60,0.003,--
河南省,长江流域,淅川张营(张营),03-06 17:00,1,12.2,8.08,10.11,409.6,3.5,--,--,--,--,0.002,--
河南省,长江流域,五龙泉,03-06 16:00,2,10.8,8.19,10.69,294.8,3.7,1.76,0.050,0.025,1.35,0.002,700521
河南省,长江流域,宋岗,03-06 17:00,2,11.0,8.21,10.11,302.2,3.5,2.02,0.002,0.024,1.17,0.003,670793
河南省,长江流域,陶岔,03-06 17:00,3,11.1,8.35,10.37,294.6,10.0,2.13,0.030,0.031,1.32,0.010,682232
河南省,长江流域,三道河,03-06 17:00,1,9.1,7.63,11.97,405.2,30.1,0.52,0.002,0.004,5.09,--,--
河南省,长江流域,上河,03-06 16:00,1,9.8,7.98,11.67,194.8,2.0,1.84,0.006,0.005,2.11,--,--
河南省,长江流域,方城夏河,03-06 17:00,2,10.4,7.74,9.31,459.7,3.1,2.88,0.368,0.062,4.23,--,--
河南省,长江流域,内乡怀乡桥,03-06 16:00,1,11.3,8.11,10.24,534.6,2.0,1.28,0.004,0.017,5.26,--,--
河南省,淮河流域,新野溧河桥,03-06 16:00,3,12.5,8.26,10.63,421.3,33.0,4.04,0.005,0.061,3.66,--,--
河南省,淮河流域,吕楼桥（颜集）,03-06 17:00,4,11.6,7.95,9.68,1924.8,38.2,5.33,1.205,0.167,8.99,--,--
河南省,淮河流域,黄口,03-06 17:00,3,10.4,8.37,12.21,1495.8,29.3,4.42,0.121,0.053,10.04,--,--
河南省,淮河流域,睢县板桥,03-06 17:00,5,10.3,8.46,13.11,2668.5,24.2,7.16,1.584,0.204,7.36,--,--
河南省,淮河流域,永城张板桥,03-06 17:00,4,15.1,8.50,11.65,2002.4,16.3,9.86,0.102,0.182,4.37,--,--
河南省,淮河流域,长台关甘岸桥,03-06 17:00,2,10.1,8.80,13.63,364.6,3.5,2.73,0.0003,0.017,1.74,--,--
河南省,淮河流域,息县大埠口,03-06 16:00,2,10.7,7.49,9.01,383.3,7.7,2.62,0.012,0.023,1.79,--,--
河南省,淮河流域,信阳琵琶山桥,03-06 17:00,4,11.8,7.14,4.96,532.7,15.9,4.24,0.662,0.126,7.41,--,--
河南省,淮河流域,潢川水文站,03-06 17:00,3,10.6,7.00,7.06,355.7,2.7,3.35,--,0.103,3.90,--,--
河南省,淮河流域,淮滨北庙,03-06 16:00,2,11.0,7.68,10.04,282.0,17.8,3.15,0.216,0.054,2.35,--,--
河南省,淮河流域,饮用水源地取水口,03-06 17:00,2,9.6,7.35,10.92,171.8,2.5,2.44,0.059,0.010,0.98,0.013,35000
河南省,淮河流域,竹竿铺,03-06 17:00,2,10.3,7.58,9.28,245.5,9.1,2.15,0.019,0.046,1.85,--,--
河南省,淮河流域,固始马罡,03-06 17:00,2,11.6,7.82,9.30,300.9,4.0,2.44,0.112,0.022,2.74,--,--
河南省,淮河流域,老沈丘泉河桥（许庄）,03-06 17:00,2,10.6,7.95,8.97,1043.6,21.1,3.43,0.201,0.087,5.24,--,--
河南省,淮河流域,刘寨村后,03-06 17:00,4,10.4,7.93,6.09,2578.0,17.0,9.57,0.296,0.077,3.82,--,--
河南省,淮河流域,西华大王庄,03-06 17:00,3,10.3,8.35,12.20,804.2,34.0,4.94,0.840,0.147,6.72,--,--
河南省,淮河流域,周口康店,03-06 17:00,3,10.9,8.04,9.67,870.9,19.4,4.25,0.648,0.100,5.85,--,--
河南省,淮河流域,商水双桥,03-06 17:00,2,11.1,8.21,12.41,943.8,1.7,3.06,0.100,0.023,6.32,--,--
河南省,淮河流域,鄢陵陶城闸,03-06 17:00,3,10.5,7.70,11.29,991.9,4.0,2.51,0.491,0.155,8.33,--,--
河南省,淮河流域,鹿邑付桥(鹿邑付桥闸),03-06 17:00,3,9.6,8.10,9.28,1732.9,9.9,4.22,0.012,0.034,3.98,--,--
河南省,淮河流域,西华址坊,03-06 17:00,2,8.8,8.21,11.00,1056.2,7.2,3.37,0.031,0.061,8.78,--,--
河南省,淮河流域,冯塘邱屯,03-06 16:00,3,9.9,7.64,6.00,995.8,10.0,4.68,0.656,0.126,8.18,--,--
河南省,淮河流域,鹿邑宋河桥,03-06 17:00,2,11.9,8.13,12.19,1717.8,17.2,1.97,0.020,0.053,1.66,--,--
河南省,淮河流域,新蔡班台(班台),03-06 17:00,3,11.5,8.40,11.06,617.2,28.5,4.22,0.384,0.189,3.57,--,--
河南省,淮河流域,汝南沙口,03-06 16:00,2,9.6,8.13,12.36,620.8,23.5,3.77,0.136,0.086,2.13,--,--
河南省,淮河流域,西平杨庄,03-06 16:00,2,9.7,7.86,11.32,596.6,9.4,3.22,0.171,0.083,4.58,--,--
河南省,淮河流域,板桥水库,03-06 17:00,3,8.5,7.82,10.35,271.0,5.4,4.10,0.003,0.014,1.62,--,--
河南省,淮河流域,西平王孟寺,03-06 16:00,2,12.3,7.61,9.78,961.4,1.7,3.99,0.036,0.099,5.45,--,--
河南省,淮河流域,新蔡李桥,03-06 17:00,4,11.9,8.12,9.83,707.4,20.4,3.42,0.633,0.209,4.62,--,--
河南省,黄河流域,小浪底水库(小浪底),03-06 17:00,2,5.6,8.23,10.99,1040.9,0.4,1.45,0.082,0.021,4.70,--,--
河南省,黄河流域,南山,03-06 16:00,2,7.1,8.26,10.51,973.0,5.3,1.62,0.045,0.020,4.25,0.001,630622
湖北省,长江流域,朱家河口,03-06 17:00,3,13.6,7.39,6.50,632.1,70.9,3.96,0.376,0.119,4.13,--,--
湖北省,长江流域,沐家泾,03-06 17:00,3,14.4,7.70,12.67,264.6,57.6,5.74,0.166,0.123,2.78,--,--
湖北省,长江流域,牛山湖湖心,03-06 17:00,2,11.7,7.86,10.47,179.3,21.0,--,0.020,0.011,0.60,0.002,433226
湖北省,长江流域,西梁子湖湖北,03-06 17:00,2,11.6,7.97,10.96,179.5,13.4,2.41,--,0.011,0.88,0.003,779323
湖北省,长江流域,宗关,03-06 17:00,2,14.2,8.27,10.62,326.0,10.0,2.50,0.018,0.055,1.51,0.014,--
湖北省,长江流域,杨泗港,03-06 17:00,2,13.1,7.83,9.28,349.9,28.3,1.46,--,0.054,1.96,--,--
湖北省,长江流域,冯集,03-06 17:00,6,12.9,9.30,16.49,271.2,18.0,9.02,0.527,0.204,3.16,--,--
湖北省,长江流域,龙口,03-06 17:00,2,12.2,8.15,10.15,283.4,9.6,3.77,0.012,0.027,1.43,--,--
湖北省,长江流域,金水闸,03-06 17:00,2,16.3,8.19,8.95,310.7,63.5,3.90,--,0.054,4.17,--,--
湖北省,长江流域,郭玉,03-06 17:00,6,14.2,9.48,16.02,224.6,12.5,4.58,0.012,0.129,3.38,--,--
湖北省,长江流域,滠口,03-06 17:00,2,12.7,7.60,9.60,298.6,26.8,3.63,0.085,0.068,1.58,--,--
湖北省,长江流域,黄陵大桥,03-06 17:00,3,13.9,7.69,5.69,714.1,38.1,4.91,0.361,0.133,3.44,--,--
湖北省,长江流域,太平沙,03-06 17:00,3,12.5,7.63,7.88,574.7,43.1,5.20,0.106,0.134,3.40,--,--
湖北省,长江流域,白浒山,03-06 17:00,2,13.3,7.97,9.73,389.8,32.3,1.40,0.033,0.060,1.94,--,--
湖北省,长江流域,富池闸,03-06 17:00,2,13.3,7.61,8.42,321.6,20.9,1.87,0.109,0.065,2.58,--,--
湖北省,长江流域,大冶湖闸,03-06 17:00,2,13.0,7.70,8.96,656.0,9.7,2.64,0.050,0.035,1.21,--,--
湖北省,长江流域,夹河口,03-06 17:00,1,9.7,8.19,9.55,372.0,1.8,0.51,--,--,1.65,--,--
湖北省,长江流域,天河口,03-06 17:00,2,12.0,7.99,11.16,430.3,5.2,1.28,0.272,0.032,1.40,--,--
湖北省,长江流域,焦家院,03-06 17:00,2,11.8,8.01,9.85,247.1,9.6,1.53,0.024,0.027,1.05,--,--
湖北省,长江流域,孙家湾,03-06 17:00,2,14.0,7.43,10.58,496.4,16.4,2.36,0.022,0.027,2.65,--,--
湖北省,长江流域,浪河口,03-06 17:00,1,11.9,7.20,11.00,185.7,12.8,1.55,0.056,0.011,2.31,--,--
湖北省,长江流域,丹江口水库坝上中,03-06 17:00,2,10.6,8.03,8.38,292.1,6.1,1.87,0.062,0.019,1.24,0.002,9611000
湖北省,长江流域,陈家坡,03-06 17:00,1,11.1,8.06,11.43,337.6,10.7,1.09,0.008,0.012,1.26,--,--
湖北省,长江流域,潘口水库坝上,03-06 17:00,2,12.3,8.61,13.31,240.0,23.7,1.83,0.010,0.023,0.92,--,--
湖北省,长江流域,剑河口,03-06 17:00,1,26.0,7.72,7.86,--,0.6,1.97,0.014,0.017,1.34,--,--
湖北省,长江流域,东湾桥,03-06 17:00,3,10.6,7.76,8.45,496.6,19.8,5.25,0.068,0.124,4.35,--,--
湖北省,长江流域,玉皇滩,03-06 17:00,2,11.6,8.47,13.23,425.2,4.2,1.03,0.039,0.069,--,--,--
湖北省,长江流域,神定河口,03-06 17:00,3,13.2,7.91,10.59,602.9,6.8,--,0.055,0.113,11.37,--,--
湖北省,长江流域,泗河口,03-06 17:00,2,12.7,7.67,9.09,752.1,4.4,3.52,0.039,0.090,5.72,--,--
湖北省,长江流域,王河电站,03-06 17:00,2,11.8,8.04,10.09,413.5,4.0,1.04,0.026,0.021,1.27,--,--
湖北省,长江流域,隔河岩水库坝上,03-06 17:00,2,12.0,8.04,10.44,287.7,1.6,0.34,0.059,0.019,2.69,0.032,2189837
湖北省,长江流域,长沙坝,03-06 17:00,1,12.2,8.52,12.31,427.8,4.5,--,0.012,--,--,--,--
湖北省,长江流域,清江大桥,03-06 17:00,2,14.1,7.94,10.53,292.5,3.2,0.65,--,0.022,2.46,--,--
湖北省,长江流域,南津关,03-06 17:00,2,14.4,8.05,9.68,473.5,3.5,1.10,0.001,0.034,2.72,0.009,--
湖北省,长江流域,马渡河,03-06 17:00,1,11.4,8.10,16.55,366.8,4.2,0.82,0.046,0.018,1.94,--,--
湖北省,长江流域,铁路大桥（小桂林）,03-06 17:00,2,12.9,8.56,12.57,438.0,13.2,1.65,0.020,0.043,1.85,--,--
湖北省,长江流域,两河口（草埠湖水厂）,03-06 17:00,2,13.8,7.69,11.52,504.5,5.9,1.89,--,0.048,2.44,--,--
湖北省,长江流域,桅杆坪,03-06 17:00,2,14.5,8.25,11.49,312.8,3.7,0.78,--,0.029,2.52,--,--
湖北省,长江流域,白石港,03-06 17:00,1,11.0,7.99,11.18,329.1,2.4,1.80,0.010,0.007,1.29,--,--
湖北省,长江流域,云池（白洋）,03-06 17:00,2,14.5,8.02,10.40,376.2,6.5,1.24,0.002,0.032,2.26,--,--
湖北省,长江流域,翟湾,03-06 17:00,3,12.3,8.62,13.23,499.9,23.2,5.08,0.052,0.091,4.34,--,--
湖北省,长江流域,埠口,03-06 16:00,3,12.4,8.08,9.77,512.2,25.0,4.11,0.391,0.100,3.45,--,--
湖北省,长江流域,张湾,03-06 17:00,2,12.2,7.94,10.10,566.7,22.5,3.77,0.210,0.090,4.64,--,--
湖北省,长江流域,余家湖,03-06 17:00,2,13.0,7.87,9.99,269.0,--,2.30,0.051,0.048,1.70,--,--
湖北省,长江流域,聂家滩,03-06 17:00,2,12.8,7.64,8.82,344.1,24.5,1.47,0.027,0.045,1.05,--,--
湖北省,长江流域,汤店,03-06 16:00,3,13.6,8.18,13.18,616.0,12.3,4.52,0.228,0.039,3.38,--,--
湖北省,长江流域,沈湾,03-06 17:00,2,10.7,7.83,10.80,321.9,6.8,1.83,0.010,0.031,1.42,--,--
湖北省,长江流域,朱市,03-06 17:00,3,13.7,8.84,16.28,964.5,9.8,3.88,0.116,0.145,2.66,--,--
湖北省,长江流域,茶庵,03-06 17:00,2,12.8,8.10,9.01,373.5,20.8,0.97,0.121,0.035,1.37,--,--
湖北省,长江流域,马兰河口,03-06 17:00,2,11.5,8.52,11.80,433.2,5.0,2.13,0.039,0.048,--,--,--
湖北省,长江流域,燕矶,03-06 17:00,2,13.3,7.77,10.17,374.1,25.0,1.36,0.124,0.044,1.93,--,--
湖北省,长江流域,东梁子湖湖心,03-06 17:00,3,11.6,7.65,10.44,192.3,23.2,2.74,0.185,0.025,1.11,--,--
湖北省,长江流域,梁子岛水源(七星),03-06 17:00,2,13.6,7.80,10.95,187.2,18.6,2.42,0.106,0.016,1.16,0.029,227082000
湖北省,长江流域,漳河水库库心,03-06 17:00,1,11.0,8.08,11.09,302.6,0.9,1.30,0.032,0.001,0.80,0.001,66023000
湖北省,长江流域,转斗,03-06 17:00,2,11.9,8.20,10.93,378.4,10.4,2.57,0.036,0.040,1.75,--,--
湖北省,长江流域,罗汉闸,03-06 17:00,2,12.6,7.90,11.26,284.3,50.8,--,0.013,0.045,1.61,--,--
湖北省,长江流域,京山河邓李港,03-06 17:00,3,14.0,8.49,12.44,601.4,2.0,4.03,0.151,0.179,3.77,--,--
湖北省,长江流域,马良龚家湾,03-06 17:00,4,14.5,7.79,9.86,2462.9,31.6,5.56,0.356,0.204,4.42,--,--
湖北省,长江流域,应城公路桥,03-06 17:00,2,13.0,8.38,11.19,539.2,7.6,2.90,--,0.018,0.49,--,--
湖北省,长江流域,田店泵站,03-06 17:00,2,13.3,8.36,11.37,480.3,7.3,2.31,0.003,0.028,0.54,--,--
湖北省,长江流域,垌冢桥,03-06 17:00,2,13.4,7.71,10.36,487.7,10.3,2.82,0.154,0.088,2.36,--,--
湖北省,长江流域,新沟闸,03-06 17:00,3,13.3,7.80,8.75,741.7,19.2,4.13,0.226,0.086,2.47,--,--
湖北省,长江流域,小河,03-06 17:00,2,13.4,8.24,10.93,334.6,19.8,2.97,0.009,0.043,1.51,--,--
湖北省,长江流域,孝昌王店,03-06 17:00,4,13.6,8.67,14.81,403.6,11.1,7.09,0.373,0.118,3.65,--,--
湖北省,长江流域,孝感河口大桥,03-06 16:00,-1,--,--,--,--,--,--,--,--,--,--,--
湖北省,长江流域,大悟河口,03-06 17:00,2,14.9,8.17,12.67,241.8,7.7,--,0.046,0.032,1.03,--,--
湖北省,长江流域,安陆桑树,03-06 17:00,1,13.7,8.18,12.74,503.8,3.7,--,0.007,0.011,0.34,--,--
湖北省,长江流域,隔蒲桥（隔卜桥）,03-06 17:00,3,14.0,8.11,12.22,548.0,11.7,5.01,0.154,0.088,4.72,--,--
湖北省,长江流域,汉川新堰,03-06 16:00,4,13.6,7.42,4.00,568.3,26.5,3.88,0.492,0.137,2.93,--,--
湖北省,长江流域,杨柴湖,03-06 17:00,4,14.6,7.81,7.96,432.3,99.5,6.94,0.116,0.062,1.23,0.008,4824422
湖北省,长江流域,排水闸,03-06 17:00,4,13.2,7.79,8.20,437.8,103.1,4.64,0.078,0.056,1.50,0.001,16692050
湖北省,长江流域,观音寺,03-06 17:00,2,14.6,8.10,9.57,414.5,6.9,0.75,0.009,0.044,1.86,--,--
湖北省,长江流域,新刘家台,03-06 17:00,2,11.9,8.34,10.69,298.1,8.9,2.39,0.028,0.045,1.90,--,--
湖北省,长江流域,汉洪大桥,03-06 17:00,2,13.2,8.09,9.73,364.6,40.5,2.78,0.156,0.058,2.52,--,--
湖北省,长江流域,荆州河口,03-06 17:00,2,15.2,8.08,11.59,477.5,23.5,2.16,0.021,0.039,2.05,--,--
湖北省,长江流域,康家岗,03-06 17:00,2,13.9,8.38,12.81,442.1,9.6,2.71,--,0.022,1.38,--,--
湖北省,长江流域,新河村,03-06 17:00,5,13.3,7.61,7.55,484.2,16.5,12.00,0.211,0.097,2.92,--,--
湖北省,长江流域,新滩,03-06 17:00,2,13.0,7.85,8.76,484.1,23.4,3.82,0.247,--,2.61,--,--
湖北省,长江流域,淤泥湖,03-06 17:00,2,14.0,8.32,11.60,425.4,8.5,0.76,0.014,0.047,1.80,--,--
湖北省,长江流域,杨家垱,03-06 17:00,2,13.2,8.51,12.37,456.7,9.9,1.32,0.008,0.039,1.66,--,--
湖北省,长江流域,调关,03-06 17:00,2,15.2,8.14,9.89,419.8,6.2,0.85,0.006,0.045,2.11,--,--
湖北省,长江流域,砖瓦厂,03-06 17:00,2,14.8,8.16,9.53,413.8,13.5,1.02,--,0.041,2.37,--,--
湖北省,长江流域,三兴公,03-06 16:00,4,14.5,8.19,18.23,678.2,162.8,6.29,0.024,0.067,1.52,--,--
湖北省,长江流域,东关桥,03-06 17:00,2,14.2,8.13,9.15,470.0,16.2,2.76,0.141,0.064,2.63,--,--
湖北省,长江流域,姚集,03-06 17:00,2,15.0,8.01,9.96,480.2,11.3,1.50,0.033,0.055,2.08,--,--
湖北省,长江流域,乌溪沟,03-06 17:00,3,14.6,8.33,10.78,365.4,6.9,1.20,0.059,0.165,3.39,--,--
湖北省,长江流域,白莲河水库坝上,03-06 17:00,2,11.7,7.61,9.82,131.8,6.7,2.84,--,0.021,0.59,0.009,46325270
湖北省,长江流域,巴河镇河口,03-06 17:00,3,12.8,7.33,9.12,356.6,4.2,3.22,0.860,0.052,2.57,--,--
湖北省,长江流域,兰溪大桥,03-06 17:00,3,12.7,7.51,8.44,265.3,47.3,4.04,0.555,0.082,3.18,--,--
湖北省,长江流域,中官铺,03-06 15:00,2,13.3,7.86,9.51,374.0,30.5,1.49,0.088,0.062,2.22,--,--
湖北省,长江流域,蕲春县八里湖,03-06 16:00,4,14.6,7.40,9.21,232.3,81.2,--,0.538,0.216,3.63,--,--
湖北省,长江流域,咸宁湖心,03-06 17:00,6,13.1,9.93,15.11,259.9,8.4,11.39,0.001,0.014,1.31,0.002,384282
湖北省,长江流域,富水水库,03-06 17:00,2,11.9,8.07,11.10,356.9,15.8,2.13,--,0.010,0.83,0.008,5479000
湖北省,长江流域,窑嘴大桥,03-06 17:00,4,14.8,7.09,4.64,354.6,15.5,2.04,0.079,0.126,3.72,--,--
湖北省,长江流域,陆溪口,03-06 17:00,3,12.7,7.50,7.32,307.2,14.4,2.88,0.962,0.084,2.70,--,--
湖北省,长江流域,洪下水文站,03-06 17:00,2,13.6,8.04,9.49,267.9,8.0,1.19,0.192,0.038,2.19,--,--
湖北省,长江流域,厉山,03-06 17:00,4,14.4,7.99,16.80,487.2,5.2,6.15,0.132,0.164,4.11,--,--
湖北省,长江流域,平林,03-06 17:00,4,11.3,7.45,5.83,441.2,11.4,6.23,0.516,0.118,2.42,--,--
湖北省,长江流域,涢水大桥,03-06 17:00,3,13.3,8.82,16.08,409.5,8.4,4.54,0.028,0.136,1.30,--,--
湖北省,长江流域,江口村,03-06 17:00,-1,--,--,--,--,--,--,--,--,--,--,--
湖北省,长江流域,恩施大沙坝,03-06 17:00,2,13.9,7.54,8.53,375.0,3.2,1.03,0.070,0.100,3.45,--,--
湖北省,长江流域,雪照河（七要口）,03-06 17:00,2,13.0,8.20,10.96,421.3,7.7,0.64,0.002,0.072,2.69,--,--
湖北省,长江流域,周家坝,03-06 17:00,1,12.2,7.89,10.32,252.1,3.2,0.78,0.008,0.014,2.03,--,--
湖北省,长江流域,百福司镇,03-06 17:00,2,11.1,7.34,8.80,237.2,12.0,0.43,0.014,0.022,1.51,--,--
湖北省,长江流域,长顺乡,03-06 17:00,1,12.3,7.98,11.33,246.6,2.2,0.98,0.020,0.014,1.50,--,--
湖北省,长江流域,黄腊石,03-06 17:00,2,14.4,7.56,9.52,436.4,1.1,1.61,0.005,0.038,1.86,--,--
湖北省,长江流域,乐坪桥,03-06 17:00,2,12.8,8.07,10.11,233.3,10.5,0.52,0.017,0.022,1.36,--,--
湖北省,长江流域,积玉口荷花村,03-06 17:00,2,13.4,7.69,10.26,355.8,20.3,--,0.066,0.069,1.74,--,--
湖北省,长江流域,潜江大桥,03-06 17:00,2,12.7,8.44,11.09,309.6,15.1,1.86,0.025,0.044,1.55,--,--
湖北省,长江流域,运粮湖同心队,03-06 17:00,3,14.9,7.96,8.73,522.2,17.7,4.03,0.216,0.090,1.78,--,--
湖北省,长江流域,岳口,03-06 17:00,2,13.1,8.18,10.55,302.8,7.8,2.28,0.031,0.044,1.70,--,--
湖北省,长江流域,拖市,03-06 17:00,2,13.7,7.70,13.16,921.7,9.6,3.80,--,0.041,2.83,--,--
湖北省,长江流域,阳日湾,03-06 16:00,-1,--,--,--,--,--,--,--,--,--,--,--
湖南省,长江流域,昭山,03-06 17:00,2,11.2,7.34,9.59,257.3,59.9,1.93,0.133,0.069,2.08,--,--
湖南省,长江流域,捞刀河口,03-06 17:00,3,12.9,7.20,7.81,195.3,10.4,4.11,0.220,0.106,3.64,--,--
湖南省,长江流域,三角洲,03-06 17:00,3,13.5,6.95,5.15,317.3,6.7,2.58,0.336,0.174,5.19,--,--
湖南省,长江流域,胜利,03-06 17:00,2,15.6,7.42,11.14,285.3,50.6,2.59,0.017,0.098,2.16,--,--
湖南省,长江流域,桔子洲,03-06 17:00,2,12.6,7.46,7.87,242.8,8.0,0.78,0.143,0.070,2.37,--,--
湖南省,长江流域,湘东沿塘,03-06 16:00,2,14.9,7.47,10.35,89.8,10.7,1.52,0.024,0.064,2.18,--,--
湖南省,长江流域,马家河（霞湾）,03-06 17:00,2,13.9,7.59,9.50,285.6,1.6,1.87,0.099,0.063,2.16,--,--
湖南省,长江流域,渌水入河口,03-06 17:00,3,14.5,7.24,7.72,287.0,8.9,3.22,0.017,0.132,3.09,--,--
湖南省,长江流域,涟水入河口,03-06 17:00,2,14.1,8.12,8.92,432.4,5.0,3.40,0.135,0.073,2.60,--,--
湖南省,长江流域,西阳渡口,03-06 17:00,2,14.5,7.71,8.70,470.5,7.0,2.58,0.184,0.056,3.81,--,--
湖南省,长江流域,归阳镇,03-06 17:00,2,14.8,7.65,10.22,202.8,2.0,1.17,0.066,0.038,1.41,--,--
湖南省,长江流域,舂陵水入湘江口,03-06 17:00,3,14.4,8.01,10.38,267.6,6.3,1.51,0.123,0.101,2.04,--,--
湖南省,长江流域,耒水入湘江口,03-06 17:00,2,14.2,7.55,7.75,267.8,5.8,2.14,0.158,0.078,2.35,--,--
湖南省,长江流域,熬洲,03-06 17:00,2,14.3,8.07,11.80,242.9,2.6,--,0.034,0.046,1.50,--,--
湖南省,长江流域,大河滩,03-06 17:00,2,14.1,7.22,7.77,220.0,5.0,1.49,0.155,0.057,1.94,--,--
湖南省,长江流域,草市镇,03-06 17:00,2,13.8,6.99,8.39,183.5,7.0,2.52,0.171,0.068,2.19,--,--
湖南省,长江流域,洣水入湘江口,03-06 17:00,2,13.4,7.37,11.58,188.3,9.9,1.70,0.088,0.059,1.78,--,--
湖南省,长江流域,城北水厂,03-06 17:00,2,13.0,7.64,9.77,263.1,10.6,1.51,0.190,0.049,1.48,--,--
湖南省,长江流域,蒸水入湘江口,03-06 17:00,3,14.7,7.45,6.13,417.1,6.5,4.36,0.090,0.148,3.07,--,--
湖南省,长江流域,塘渡口,03-06 17:00,2,14.9,8.00,10.22,178.4,3.1,1.28,0.092,0.055,1.79,--,--
湖南省,长江流域,窑市,03-06 17:00,2,14.4,6.96,10.36,48.6,6.3,0.56,--,0.037,1.11,--,--
湖南省,长江流域,渡头村,03-06 17:00,2,14.1,7.46,9.69,227.1,6.5,1.74,0.173,--,2.49,--,--
湖南省,长江流域,邵水入河口,03-06 17:00,3,14.2,7.54,9.43,467.0,9.8,3.47,0.474,0.101,4.18,--,--
湖南省,长江流域,绥宁河口镇,03-06 17:00,2,13.7,7.25,10.37,96.3,7.8,1.06,0.021,0.028,0.69,--,--
湖南省,长江流域,岳阳楼,03-06 17:00,4,12.8,7.85,9.88,268.1,38.7,1.01,0.148,0.073,2.18,0.001,256525
湖南省,长江流域,城陵矶,03-06 17:00,2,12.6,7.76,10.27,259.2,55.5,0.83,0.129,0.075,2.05,--,--
湖南省,长江流域,荆江口,03-06 17:00,2,13.9,8.21,9.69,395.8,19.6,0.57,0.016,0.029,1.92,--,--
湖南省,长江流域,六门闸,03-06 17:00,2,14.0,7.90,9.35,612.1,3.9,2.40,0.076,0.042,1.62,--,--
湖南省,长江流域,南渡,03-06 17:00,3,12.8,7.05,9.18,150.8,18.9,3.65,0.304,0.144,2.75,--,--
湖南省,长江流域,八仙桥,03-06 17:00,3,13.6,6.96,7.57,214.9,23.7,4.30,0.404,--,2.94,--,--
湖南省,长江流域,坡头,03-06 17:00,2,11.4,7.87,9.92,220.5,25.7,2.25,0.045,0.048,1.94,0.002,--
湖南省,长江流域,蒋家嘴,03-06 17:00,3,14.1,7.80,9.51,211.3,13.5,1.17,0.028,0.026,1.56,0.001,45900000
湖南省,长江流域,澧水三江口,03-06 16:00,2,13.9,8.13,10.57,226.7,12.4,0.44,0.010,0.034,1.49,--,--
湖南省,长江流域,窑坡渡,03-06 17:00,2,14.1,7.98,9.23,278.7,16.6,0.87,0.075,0.036,1.37,--,--
湖南省,长江流域,马坡湖,03-06 17:00,2,15.2,8.42,10.74,418.9,11.5,1.22,--,0.061,1.72,--,--
湖南省,长江流域,陈家河(四水厂),03-06 17:00,2,12.3,8.00,10.53,191.3,3.8,--,0.020,0.040,1.32,--,--
湖南省,长江流域,永定澄潭(区水厂),03-06 17:00,1,13.7,8.04,13.58,209.0,1.6,1.68,0.003,0.016,--,--,--
湖南省,长江流域,藕池河中支入境,03-06 16:00,2,14.1,8.25,12.16,631.5,13.2,3.01,0.002,0.040,0.83,--,--
湖南省,长江流域,万家嘴,03-06 17:00,2,12.6,7.51,9.60,218.7,14.5,1.31,0.091,0.066,2.57,0.001,131614
湖南省,长江流域,南嘴,03-06 17:00,3,13.8,7.85,9.60,256.6,53.3,0.76,0.061,0.043,1.61,0.016,478000
湖南省,长江流域,小河嘴,03-06 17:00,3,12.9,7.42,9.56,203.9,13.3,1.40,0.061,0.041,1.87,0.001,53666100
湖南省,长江流域,坪口,03-06 17:00,3,15.2,7.25,9.71,--,--,--,0.009,0.158,3.63,--,--
湖南省,长江流域,桃谷山,03-06 17:00,2,13.7,7.53,9.88,209.1,10.9,1.49,0.039,0.052,2.34,--,--
湖南省,长江流域,头山,03-06 17:00,1,14.7,7.44,8.86,129.8,2.8,0.85,--,0.006,0.71,0.002,5258000
湖南省,长江流域,渡口大桥,03-06 17:00,2,14.5,7.41,8.17,175.2,8.6,2.45,0.120,0.083,1.97,--,--
湖南省,长江流域,绿埠头,03-06 17:00,2,14.9,7.78,9.27,244.2,3.5,1.59,0.040,0.052,2.13,--,--
湖南省,长江流域,诸葛庙,03-06 17:00,2,14.4,7.51,9.88,152.7,3.0,0.90,0.002,0.034,0.91,--,--
湖南省,长江流域,五强溪,03-06 17:00,2,13.6,8.02,9.72,214.6,2.0,0.78,0.042,0.030,1.45,--,--
湖南省,长江流域,铜信溪电站(铜信溪),03-06 17:00,1,15.1,8.35,10.29,315.8,1.9,0.82,0.024,--,1.90,--,--
湖南省,长江流域,地阳坪公路大桥,03-06 17:00,2,14.2,7.25,10.34,83.9,10.2,1.64,0.013,0.057,1.19,--,--
湖南省,长江流域,托口渠水,03-06 17:00,2,13.9,7.66,9.74,196.1,0.9,0.80,0.018,0.024,1.18,--,--
湖南省,长江流域,舞水入河口(黔城二水厂),03-06 17:00,2,12.8,8.21,10.55,357.9,4.5,0.77,0.063,0.045,1.88,--,--
湖南省,长江流域,溪子口(县水厂),03-06 17:00,1,12.4,7.96,9.80,311.5,1.3,0.57,0.021,0.018,1.73,--,--
湖南省,长江流域,球溪,03-06 17:00,2,13.4,7.79,10.79,292.9,8.0,1.77,0.020,0.058,2.42,--,--
湖南省,长江流域,街埠头,03-06 17:00,2,14.1,7.44,8.20,426.7,3.4,3.48,0.080,0.071,3.12,--,--
湖南省,长江流域,浦市上游,03-06 17:00,2,14.5,8.18,10.81,249.9,4.2,0.72,0.003,0.040,1.34,--,--
湖南省,长江流域,里耶镇,03-06 17:00,2,13.1,8.21,10.50,273.4,4.1,1.09,0.026,0.031,1.76,--,--
湖南省,长江流域,江口,03-06 17:00,1,13.7,8.05,9.67,307.9,6.6,0.35,0.006,0.015,1.73,--,--
湖南省,长江流域,武水汇合口,03-06 17:00,1,13.9,7.87,9.86,250.7,6.0,0.96,--,--,1.40,--,--
广东省,珠江流域,蕉门,03-06 17:00,4,21.7,7.90,7.76,8380.5,86.3,6.30,0.277,0.078,4.18,--,--
广东省,珠江流域,洪奇沥,03-06 17:00,2,20.6,7.94,7.56,426.0,71.6,3.40,0.091,0.064,3.21,--,--
广东省,珠江流域,莲花山,03-06 17:00,3,22.3,7.35,6.23,1357.0,99.4,4.01,--,0.102,4.86,--,--
广东省,珠江流域,流溪河山庄,03-06 17:00,2,21.8,7.11,7.76,121.3,14.1,1.40,0.022,0.033,1.14,--,--
广东省,珠江流域,官坦,03-06 17:00,2,21.6,7.72,6.24,990.2,26.3,3.25,0.053,0.074,3.01,--,--
广东省,珠江流域,大龙涌口,03-06 17:00,2,21.2,7.56,6.79,319.9,39.2,1.86,0.024,0.063,2.71,--,--
广东省,珠江流域,九龙潭,03-06 17:00,2,21.4,7.20,8.90,152.2,35.7,1.96,0.234,0.061,2.23,--,--
广东省,珠江流域,增江口,03-06 17:00,2,22.0,7.07,6.66,144.1,14.0,1.04,0.167,0.044,1.29,--,--
广东省,珠江流域,鸦岗,03-06 17:00,5,21.7,7.05,2.44,395.3,55.8,--,0.889,0.216,5.63,--,--
广东省,珠江流域,墩头基,03-06 17:00,3,21.7,7.22,5.15,812.3,118.4,5.33,0.007,0.116,5.02,--,--
广东省,珠江流域,大墩,03-06 16:00,2,21.9,6.70,6.73,144.0,14.3,2.04,0.135,0.055,--,--,--
广东省,珠江流域,十里亭,03-06 17:00,2,18.2,7.72,8.73,286.7,3.6,1.44,0.099,0.042,1.42,--,--
广东省,珠江流域,长坝,03-06 17:00,2,18.2,7.12,7.06,145.1,4.6,1.91,0.183,0.051,1.48,--,--
广东省,珠江流域,三溪桥(乐昌三溪河),03-06 17:00,2,15.3,7.89,9.33,370.9,6.6,2.10,0.077,0.076,2.12,--,--
广东省,珠江流域,高桥,03-06 16:00,2,18.4,7.36,7.42,241.3,4.6,1.29,0.113,0.056,1.14,--,--
广东省,珠江流域,深圳河口,03-06 16:00,4,20.6,7.04,3.32,6783.9,57.0,6.54,0.836,0.256,4.46,--,--
广东省,珠江流域,小漠桥,03-06 17:00,2,21.5,8.08,6.82,41907.4,17.1,2.98,--,0.028,1.06,--,--
广东省,珠江流域,共和村,03-06 17:00,6,22.1,7.61,5.39,2266.8,16.3,5.06,2.136,0.231,6.57,--,--
广东省,珠江流域,珠海大桥,03-06 17:00,2,22.5,7.73,6.10,3082.5,44.3,1.30,--,0.059,2.38,--,--
广东省,珠江流域,石角咀水闸,03-06 17:00,4,21.4,7.16,4.50,1068.2,50.6,3.51,--,0.138,5.05,--,--
广东省,珠江流域,鸡啼门大桥,03-06 17:00,3,20.8,7.89,7.38,3407.0,46.6,1.78,0.260,0.105,2.36,--,--
广东省,珠江流域,布洲,03-06 17:00,2,20.3,7.84,7.76,335.1,30.4,0.98,0.103,0.047,2.98,--,--
广东省,珠江流域,隆都,03-06 17:00,2,20.5,7.28,7.36,167.9,6.5,1.43,0.001,0.027,1.66,--,--
广东省,珠江流域,海门湾桥闸,03-06 17:00,6,22.1,7.70,7.81,2130.3,37.9,9.13,3.113,0.289,7.58,--,--
广东省,珠江流域,升平,03-06 17:00,3,21.0,7.40,7.50,23112.3,41.8,0.73,0.628,0.081,3.20,--,--
广东省,珠江流域,外砂,03-06 17:00,2,20.8,7.46,8.29,174.9,5.7,1.64,0.014,0.039,1.57,--,--
广东省,珠江流域,莲阳桥闸,03-06 17:00,2,20.9,7.49,8.84,178.7,6.7,1.57,0.004,0.026,1.63,--,--
广东省,珠江流域,大衙,03-06 16:00,3,21.2,6.78,5.82,175.7,5.3,1.23,0.003,0.044,1.54,--,--
广东省,珠江流域,平洲,03-06 17:00,4,20.5,7.47,4.80,312.2,23.1,1.78,0.255,0.082,2.29,--,--
广东省,珠江流域,乌洲,03-06 17:00,3,20.9,7.64,5.72,281.5,10.6,1.88,0.131,0.062,2.79,--,--
广东省,珠江流域,古劳,03-06 16:00,2,20.3,7.96,7.70,326.0,16.0,0.71,0.039,0.030,2.41,--,--
广东省,珠江流域,苍山渡口,03-06 17:00,2,21.4,7.97,8.18,8659.7,30.8,--,0.270,0.088,2.32,--,--
广东省,珠江流域,牛湾,03-06 17:00,2,22.5,7.11,6.35,669.0,34.0,3.79,0.030,0.075,3.47,--,--
广东省,珠江流域,渠首,03-06 17:00,3,23.8,8.27,6.85,102.9,17.2,4.75,--,0.022,0.80,0.011,2262650
广东省,珠江流域,黄坡,03-06 17:00,2,23.5,6.89,6.23,233.6,24.5,3.21,0.431,0.098,2.86,--,--
广东省,珠江流域,山角,03-06 17:00,2,25.1,8.23,10.09,152.1,11.0,3.57,--,0.036,2.71,--,--
广东省,珠江流域,赤坎水厂（塘口取水口）,03-06 17:00,2,24.6,8.21,10.55,106.5,24.0,3.39,--,0.022,0.85,--,--
广东省,珠江流域,排里,03-06 17:00,3,24.3,8.62,10.58,176.1,15.9,5.79,0.179,0.106,1.91,--,--
广东省,珠江流域,南渡河桥,03-06 17:00,4,23.8,6.41,4.39,172.8,41.1,3.86,0.529,0.085,3.19,--,--
广东省,珠江流域,营仔,03-06 17:00,3,24.2,8.51,9.34,185.8,25.3,5.17,0.066,0.073,1.69,--,--
广东省,珠江流域,黄竹尾水闸（大山江）,03-06 17:00,2,25.4,7.34,6.63,195.6,18.4,3.18,0.114,0.065,2.20,--,--
广东省,珠江流域,塘口,03-06 17:00,4,25.2,7.61,9.46,203.7,7.8,3.70,1.154,0.176,3.14,--,--
广东省,珠江流域,石碧,03-06 16:00,4,23.5,6.66,5.91,268.5,30.1,4.19,1.082,0.195,4.30,--,--
广东省,珠江流域,石骨水库,03-06 17:00,2,24.4,8.22,8.62,64.4,2.7,0.98,0.010,0.012,0.61,--,--
广东省,珠江流域,良德水库,03-06 17:00,1,24.2,8.18,9.44,65.5,13.3,1.48,0.017,0.005,--,0.004,558649
广东省,珠江流域,江口门,03-06 15:00,-1,--,--,--,--,--,--,--,--,--,--,--
广东省,珠江流域,米急渡,03-06 17:00,3,24.6,6.85,5.64,125.0,11.4,1.70,0.330,0.086,1.62,--,--
广东省,珠江流域,梁村,03-06 17:00,2,19.7,7.45,6.77,268.3,21.1,1.92,0.202,0.069,2.47,--,--
广东省,珠江流域,封开城上,03-06 17:00,2,19.8,8.22,9.15,336.6,14.8,0.85,0.008,0.024,2.51,--,--
广东省,珠江流域,白沙街,03-06 16:00,2,18.7,7.81,9.12,216.5,10.3,1.75,0.115,0.047,1.93,--,--
广东省,珠江流域,黄岗,03-06 17:00,2,20.1,7.80,8.42,319.0,6.9,1.40,0.080,0.039,2.66,--,--
广东省,珠江流域,永安,03-06 17:00,2,20.5,7.79,7.68,346.3,17.0,1.16,0.023,0.030,2.46,--,--
广东省,珠江流域,紫溪,03-06 17:00,6,20.5,6.81,2.63,416.2,12.0,3.33,2.140,0.151,5.71,--,--
广东省,珠江流域,东江江口,03-06 17:00,2,20.3,7.27,9.14,112.2,10.3,1.12,0.129,0.040,1.45,--,--
广东省,珠江流域,博罗城下(新角),03-06 17:00,2,20.9,6.80,8.07,172.4,14.0,1.34,0.155,0.054,1.97,--,--
广东省,珠江流域,惠州汝湖,03-06 17:00,2,20.3,7.06,7.46,127.8,3.1,1.28,0.171,0.042,1.52,--,--
广东省,珠江流域,沙河河口(里波水）,03-06 17:00,3,22.0,7.04,5.10,254.1,22.8,3.13,0.918,0.119,3.22,--,--
广东省,珠江流域,马安大桥下,03-06 17:00,3,22.1,6.71,5.29,83.3,19.9,2.49,--,0.055,1.93,--,--
广东省,珠江流域,虎爪断桥,03-06 17:00,4,20.5,7.20,6.92,4415.6,30.3,3.06,1.119,0.115,3.58,--,--
广东省,珠江流域,公庄河口（泰美）,03-06 17:00,3,21.4,6.80,7.26,296.6,39.0,4.08,--,0.174,3.93,--,--
广东省,珠江流域,青溪(大浦青溪),03-06 16:00,2,19.1,7.34,6.61,197.7,3.7,1.42,0.122,0.081,2.06,--,--
广东省,珠江流域,大麻,03-06 17:00,2,20.7,7.03,6.78,186.4,6.8,1.66,0.080,0.072,2.17,--,--
广东省,珠江流域,西阳电站,03-06 17:00,4,20.6,6.72,4.70,171.9,13.3,1.60,0.205,0.099,2.42,--,--
广东省,珠江流域,五丰渡口,03-06 17:00,2,20.5,7.12,8.90,114.5,30.4,1.63,0.103,0.053,4.04,--,--
广东省,珠江流域,新铺,03-06 17:00,3,20.2,7.32,5.99,210.5,5.8,2.41,0.335,0.061,2.19,--,--
广东省,珠江流域,海丰西闸,03-06 17:00,6,22.0,9.15,10.36,1282.0,5.7,4.99,0.346,0.052,2.03,--,--
广东省,珠江流域,陆丰半湾水闸,03-06 17:00,2,20.9,7.20,7.79,106.0,25.6,2.20,0.163,0.046,1.73,--,--
广东省,珠江流域,东溪水闸,03-06 17:00,3,22.2,7.81,9.58,653.8,15.4,5.15,0.435,0.063,1.76,--,--
广东省,珠江流域,庙咀里(定南水站),03-06 17:00,2,17.5,6.99,8.59,181.4,19.6,2.13,0.147,0.039,1.48,--,--
广东省,珠江流域,龙川城铁路桥,03-06 17:00,2,18.1,7.28,8.11,140.3,9.1,1.44,0.051,0.034,1.61,--,--
广东省,珠江流域,江城,03-06 17:00,3,22.9,7.66,9.43,233.0,25.8,4.78,0.413,0.137,2.42,--,--
广东省,珠江流域,尖山,03-06 17:23,4,22.0,6.86,6.00,1418.9,61.6,3.68,1.265,0.198,3.48,--,--
广东省,珠江流域,埠场,03-06 17:00,3,22.7,7.59,8.54,492.8,48.5,3.88,0.431,0.101,2.88,--,--
广东省,珠江流域,大泉,03-06 17:00,5,22.0,6.89,4.82,8860.9,12.5,2.96,1.507,0.123,3.19,--,--
广东省,珠江流域,寿长,03-06 17:00,4,21.6,7.11,4.18,20360.9,33.7,5.02,1.059,0.123,2.04,--,--
广东省,珠江流域,北江石尾,03-06 17:00,2,19.4,7.51,7.62,258.5,15.2,1.81,0.283,0.044,2.34,--,--
广东省,珠江流域,石角,03-06 17:00,2,19.6,7.66,7.53,271.8,7.6,1.57,0.003,0.037,1.95,--,--
广东省,珠江流域,连江西牛,03-06 17:00,2,19.1,7.76,8.25,259.0,7.9,1.66,0.133,0.070,1.78,--,--
广东省,珠江流域,樟村（家乐福）,03-06 17:00,6,21.8,5.99,3.48,466.8,62.6,4.51,1.659,0.182,5.90,--,--
广东省,珠江流域,沙田泗盛,03-06 17:00,3,21.7,7.18,5.98,3086.9,86.4,3.19,0.358,0.085,2.81,--,--
广东省,珠江流域,旗岭,03-06 17:00,6,21.9,6.84,5.99,361.7,31.5,3.94,2.509,0.240,7.19,--,--
广东省,珠江流域,石龙南河,03-06 17:00,2,21.6,6.79,7.85,136.2,10.7,1.27,0.073,0.038,1.50,--,--
广东省,珠江流域,中山港码头,03-06 17:00,2,20.8,7.74,8.32,333.0,14.7,1.77,0.229,0.064,2.88,--,--
广东省,珠江流域,赤凤,03-06 17:00,2,19.8,7.33,8.23,159.4,11.0,1.91,0.097,0.069,2.48,--,--
广东省,珠江流域,凤江桥,03-06 17:00,3,20.7,7.08,9.26,158.5,54.6,3.58,0.519,0.180,3.22,--,--
广东省,珠江流域,地都,03-06 17:00,2,20.8,6.97,7.84,8682.7,120.3,3.63,0.286,0.056,4.65,--,--
广东省,珠江流域,隆溪大道桥,03-06 17:00,4,20.8,6.89,4.53,5668.8,6.4,3.82,0.395,0.054,2.35,--,--
广东省,珠江流域,龙石,03-06 17:00,5,21.8,7.00,4.31,303.5,12.4,4.03,1.946,0.178,5.33,--,--
广东省,珠江流域,龟山塔,03-06 17:00,3,21.4,7.00,6.50,123.5,1.1,2.16,0.450,0.143,2.34,--,--
广东省,珠江流域,古封,03-06 17:00,2,20.4,8.11,9.26,319.6,15.4,0.91,0.020,0.024,2.36,--,--
广东省,珠江流域,都骑,03-06 17:00,1,18.7,7.97,9.16,313.0,7.3,1.69,0.038,--,2.56,--,--
广西壮族自治区,珠江流域,老口,03-06 17:00,2,21.9,8.03,9.29,293.5,7.1,1.27,0.006,0.021,1.81,--,--
广西壮族自治区,珠江流域,叮当,03-06 17:00,2,21.8,7.89,10.16,343.9,3.6,1.41,0.012,0.028,2.01,--,--
广西壮族自治区,珠江流域,六景,03-06 17:00,2,20.8,7.88,8.11,299.4,8.9,1.11,0.084,0.033,1.93,--,--
广西壮族自治区,珠江流域,雁江,03-06 16:00,1,22.6,8.34,8.80,277.2,3.6,0.90,0.023,0.015,1.26,--,--
广西壮族自治区,珠江流域,上中,03-06 16:00,1,22.4,7.95,9.30,341.0,2.3,0.82,0.023,0.012,1.71,--,--
广西壮族自治区,珠江流域,白马,03-06 17:00,2,22.1,7.93,9.04,310.1,3.1,--,--,0.024,1.40,--,--
广西壮族自治区,珠江流域,露塘,03-06 16:00,1,16.5,8.07,10.94,158.5,1.4,1.11,0.025,0.011,0.98,--,--
广西壮族自治区,珠江流域,渔村,03-06 17:00,1,18.6,8.53,11.16,340.1,4.5,--,0.007,0.015,1.47,--,--
广西壮族自治区,珠江流域,木洞,03-06 17:00,1,15.8,7.34,10.05,94.7,5.4,0.45,0.045,0.009,0.79,--,--
广西壮族自治区,珠江流域,龙溪,03-06 17:00,2,16.6,7.83,9.14,230.1,8.3,1.18,--,0.050,1.72,--,--
广西壮族自治区,珠江流域,阳朔,03-06 17:00,2,16.6,8.32,12.01,188.3,1.5,1.40,0.001,0.046,1.57,--,--
广西壮族自治区,珠江流域,交州,03-06 17:00,1,16.2,7.09,9.74,61.4,4.7,0.93,0.005,0.019,0.91,--,--
广西壮族自治区,珠江流域,京南,03-06 16:00,2,18.2,7.87,9.64,193.2,1.9,0.99,0.014,0.027,1.25,--,--
广西壮族自治区,珠江流域,亚桥,03-06 16:00,2,23.5,7.66,9.59,3120.7,8.1,2.66,0.053,0.073,2.80,--,--
广西壮族自治区,珠江流域,东边埇,03-06 17:00,2,22.9,6.86,8.13,92.3,9.9,3.23,--,0.068,2.17,--,--
广西壮族自治区,珠江流域,南域,03-06 16:00,2,24.3,7.03,6.95,6066.0,13.3,2.69,0.225,0.049,2.93,--,--
广西壮族自治区,珠江流域,西门江,03-06 17:00,4,22.6,7.00,4.28,705.3,21.2,3.30,0.155,0.171,4.02,--,--
广西壮族自治区,珠江流域,高速公路桥,03-06 17:00,5,23.2,6.61,6.03,235.2,26.2,5.53,1.067,0.343,4.89,--,--
广西壮族自治区,珠江流域,三滩,03-06 17:00,3,22.5,6.84,6.85,4611.3,9.5,2.12,0.349,0.129,1.21,--,--
广西壮族自治区,珠江流域,边贸码头,03-06 17:00,3,23.3,6.86,9.69,149.3,20.6,1.57,0.065,0.131,1.97,--,--
广西壮族自治区,珠江流域,高塘,03-06 17:00,2,22.7,7.88,9.77,270.5,8.6,2.65,--,0.049,2.67,--,--
广西壮族自治区,珠江流域,茅岭大桥,03-06 17:00,3,22.4,7.33,6.66,8183.5,13.0,1.97,0.294,0.110,1.48,--,--
广西壮族自治区,珠江流域,钦江东,03-06 16:00,3,24.1,7.26,5.73,30429.9,16.8,1.41,0.606,0.047,3.82,--,--
广西壮族自治区,珠江流域,高速公路西桥,03-06 17:00,4,22.4,7.24,5.74,18551.1,22.8,4.60,1.253,0.160,3.10,--,--
广西壮族自治区,珠江流域,武林渡口,03-06 17:00,2,19.8,7.78,8.87,355.2,7.8,0.70,0.027,0.022,2.65,--,--
广西壮族自治区,珠江流域,火电厂,03-06 17:00,2,20.3,8.08,8.63,301.4,17.2,0.63,0.033,0.029,1.91,--,--
广西壮族自治区,珠江流域,自良渡口,03-06 16:00,2,20.4,7.02,7.32,165.0,11.4,1.76,0.271,0.068,3.07,--,--
广西壮族自治区,珠江流域,横塘,03-06 16:00,3,22.9,7.28,7.92,319.7,25.4,2.99,0.319,0.197,4.47,--,--
广西壮族自治区,珠江流域,隘屯(上皿屯),03-06 17:00,2,21.0,8.09,10.78,367.2,3.8,0.60,--,0.037,1.98,--,--
广西壮族自治区,珠江流域,公篓,03-06 16:00,1,20.3,8.13,9.22,255.6,13.9,0.76,0.019,0.015,--,--,--
广西壮族自治区,珠江流域,桂花,03-06 16:00,2,16.4,7.81,10.06,193.1,0.7,0.80,0.007,0.032,1.26,--,--
广西壮族自治区,珠江流域,贺街,03-06 17:00,2,19.3,7.42,8.90,288.0,7.4,1.18,0.040,0.051,1.64,--,--
广西壮族自治区,珠江流域,杨民,03-06 17:00,2,19.0,7.87,9.67,384.6,1.0,0.65,0.006,0.024,2.08,--,--
广西壮族自治区,珠江流域,龙岩滩水库,03-06 17:00,1,19.2,8.14,9.46,378.2,0.5,0.80,0.004,0.010,2.69,0.005,3353601
广西壮族自治区,珠江流域,车渡,03-06 17:00,1,18.9,8.15,8.73,382.7,4.9,0.84,0.004,0.013,2.72,--,--
广西壮族自治区,珠江流域,垒亭,03-06 16:00,1,19.4,8.01,9.04,365.9,2.5,0.73,0.023,0.012,2.35,--,--
广西壮族自治区,珠江流域,象州运江老街,03-06 17:00,1,17.4,8.03,11.27,215.7,8.9,0.96,0.002,0.019,1.44,--,--
广西壮族自治区,珠江流域,勒马,03-06 17:00,1,19.1,8.18,8.94,359.5,3.3,0.76,0.002,0.016,2.59,--,--
广西壮族自治区,珠江流域,那弄,03-06 17:00,1,21.9,6.80,9.05,83.8,4.8,1.84,--,0.013,0.90,--,--
广西壮族自治区,珠江流域,上金,03-06 17:00,1,22.9,7.00,9.03,129.9,8.4,1.29,0.076,0.013,1.21,--,--
广西壮族自治区,珠江流域,渠立,03-06 17:00,1,22.3,7.96,9.23,302.6,5.5,0.67,0.014,0.015,1.59,--,--
广西壮族自治区,珠江流域,棉江,03-06 17:00,1,22.4,7.91,10.24,230.3,11.4,1.49,--,0.015,1.34,--,--
海南省,珠江流域,儒房,03-06 17:00,2,24.9,7.84,9.44,16943.8,12.6,1.52,0.283,0.036,1.17,--,--
海南省,珠江流域,后黎村,03-06 17:00,2,25.4,7.54,6.88,101.8,19.6,1.81,0.083,0.042,--,--,--
海南省,珠江流域,林家村,03-06 17:00,1,29.0,8.10,10.61,336.0,18.4,1.64,--,0.015,0.10,--,--
海南省,珠江流域,崖城大桥,03-06 17:00,2,26.9,7.37,10.81,95.0,31.4,1.66,0.005,0.024,0.89,--,--
海南省,珠江流域,藤桥河大桥,03-06 17:00,3,29.1,8.41,25.63,23609.3,24.3,3.01,0.562,0.039,0.95,--,--
海南省,珠江流域,松涛水库南丰库心,03-06 17:00,1,24.6,8.48,9.12,67.4,0.8,1.20,0.001,0.007,0.42,0.015,2216920
海南省,珠江流域,上村桥,03-06 17:00,2,27.3,7.79,8.23,4252.4,33.6,2.67,0.035,0.046,0.32,--,--
海南省,珠江流域,中和桥,03-06 17:00,2,23.7,7.02,8.03,140.3,23.6,3.96,0.093,0.077,1.70,--,--
海南省,珠江流域,汀洲(丹村),03-06 17:00,2,25.6,7.12,7.28,84.9,18.0,0.74,0.002,0.058,0.84,--,--
海南省,珠江流域,龙江,03-06 17:00,1,23.7,7.04,8.64,85.2,13.7,--,0.003,0.017,0.94,--,--
海南省,珠江流域,溪仔村,03-06 17:00,1,23.5,7.01,8.50,76.9,2.8,1.31,--,0.016,0.90,--,--
海南省,珠江流域,羊头外村桥,03-06 17:00,3,26.8,6.94,5.01,135.5,24.6,3.98,0.133,0.052,1.06,--,--
海南省,珠江流域,农垦橡胶所一队,03-06 17:00,2,25.3,6.81,7.08,109.6,3.7,1.33,0.008,0.019,1.33,--,--
海南省,珠江流域,水涯新区,03-06 17:00,4,25.0,6.88,4.83,13376.3,7.3,3.74,0.564,0.054,1.54,--,--
海南省,珠江流域,分洪桥,03-06 17:00,2,25.9,8.04,9.94,96.9,12.7,2.77,0.003,0.042,0.61,--,--
海南省,珠江流域,后山村,03-06 17:00,4,25.6,6.65,3.52,161.1,24.6,4.07,1.347,0.037,3.39,--,--
海南省,珠江流域,大广坝水库库心,03-06 17:00,2,25.7,7.43,6.87,87.3,1.5,1.36,0.005,0.010,0.33,0.013,7266750
海南省,珠江流域,罗带铁路桥,03-06 17:00,3,27.5,8.23,18.33,35664.9,19.5,2.54,0.606,0.167,0.91,--,--
海南省,珠江流域,山口,03-06 17:00,2,26.2,7.58,7.65,96.9,5.8,1.71,0.066,0.036,0.75,--,--
海南省,珠江流域,白仞滩电站,03-06 17:00,2,24.4,7.30,7.94,113.5,24.6,2.56,0.031,0.099,1.76,--,--
海南省,珠江流域,大风(昌化),03-06 17:00,2,26.7,7.44,9.45,111.1,3.0,1.44,--,0.034,0.72,--,--
海南省,珠江流域,叉河口,03-06 17:00,3,27.5,7.76,8.88,208.9,5.6,2.25,0.018,0.105,2.05,--,--
海南省,珠江流域,乐中,03-06 17:00,2,27.4,7.23,9.35,108.5,14.1,1.58,--,0.029,0.50,--,--
海南省,珠江流域,跨界桥,03-06 17:00,2,28.4,8.07,10.15,116.3,4.0,1.59,0.004,0.027,0.67,--,--
海南省,珠江流域,群英大坝,03-06 17:00,2,26.8,7.45,7.12,114.1,14.1,2.48,0.064,0.037,0.88,--,--
海南省,珠江流域,大溪村,03-06 17:00,2,26.8,8.63,15.79,3854.9,13.2,3.80,0.105,0.058,1.25,--,--
重庆市,长江流域,芙蓉洞码头,03-06 17:00,1,14.7,8.49,12.43,324.3,11.8,1.07,0.003,0.015,1.80,--,--
重庆市,长江流域,晒网坝,03-06 17:00,2,16.0,8.29,9.33,453.6,16.0,1.01,--,0.039,1.79,--,--
重庆市,长江流域,向家,03-06 17:00,2,14.7,8.01,11.30,269.5,10.7,2.81,0.007,0.068,1.50,--,--
重庆市,长江流域,磨刀溪长滩,03-06 17:00,6,13.8,9.02,17.04,217.5,9.6,2.20,0.012,0.037,1.17,--,--
重庆市,长江流域,清溪场,03-06 17:00,2,16.8,8.26,9.25,499.0,14.7,1.37,--,0.035,1.68,--,--
重庆市,长江流域,木瓜洞,03-06 17:00,2,21.2,8.04,8.95,451.2,3.9,3.53,0.023,0.055,1.09,--,--
重庆市,长江流域,寸滩,03-06 17:00,2,17.9,8.09,9.50,474.4,15.3,1.34,0.029,0.035,1.32,--,--
重庆市,长江流域,和尚山,03-06 17:00,2,18.4,8.09,8.83,459.8,16.0,1.22,0.008,0.032,1.55,--,--
重庆市,长江流域,北温泉,03-06 17:00,1,15.2,8.26,11.11,512.0,11.2,1.45,0.041,--,1.79,--,--
重庆市,长江流域,寨溪大桥,03-06 17:00,2,17.7,7.91,6.76,1217.5,5.0,2.36,0.095,0.033,2.32,--,--
重庆市,长江流域,石门坎,03-06 17:00,4,16.1,8.66,3.56,444.4,1.9,0.83,--,0.109,1.57,--,--
重庆市,长江流域,玉滩水库,03-06 17:00,3,16.6,8.67,19.43,494.7,14.3,--,0.013,0.036,1.54,0.041,10890110
重庆市,长江流域,御临镇,03-06 17:00,3,17.9,8.91,24.23,446.6,10.5,4.42,0.019,0.033,1.38,--,--
重庆市,长江流域,黎家乡崔家岩村,03-06 17:00,3,16.8,8.94,15.22,487.1,7.3,5.21,--,0.036,1.58,--,--
重庆市,长江流域,运输桥,03-06 17:00,2,16.3,8.00,9.73,449.5,4.0,2.84,0.061,0.078,1.70,--,--
重庆市,长江流域,六剑滩,03-06 17:00,3,16.8,8.50,12.11,500.9,28.9,4.16,0.002,0.048,--,--,--
重庆市,长江流域,支坪街道,03-06 17:00,2,17.9,7.97,9.05,577.9,33.8,1.84,0.073,0.061,1.65,--,--
重庆市,长江流域,江津大桥,03-06 17:00,2,17.6,7.99,9.23,473.3,5.6,1.16,--,0.037,1.52,--,--
重庆市,长江流域,朱杨溪,03-06 17:00,3,18.6,8.18,9.17,913.8,5.0,4.55,0.084,0.068,6.54,--,--
重庆市,长江流域,北渡,03-06 17:00,2,17.0,7.97,8.62,610.8,9.8,1.38,0.306,0.050,1.84,--,--
重庆市,长江流域,白杨溪,03-06 12:00,2,17.5,7.90,9.94,167.6,21.4,2.71,0.033,0.027,1.35,--,--
重庆市,长江流域,太和,03-06 17:00,2,17.1,8.41,16.68,451.2,7.2,1.47,0.022,0.023,2.49,--,--
重庆市,长江流域,官渡,03-06 17:00,2,16.8,8.66,17.24,367.3,4.2,2.92,--,0.061,2.00,--,--
重庆市,长江流域,临渡,03-06 17:00,2,16.9,8.42,12.92,489.7,5.9,1.84,--,0.026,2.26,--,--
重庆市,长江流域,渠江码头,03-06 17:00,2,15.7,8.34,13.69,413.4,4.2,2.70,0.220,0.052,2.10,--,--
重庆市,长江流域,黄桷,03-06 17:00,2,18.3,8.53,15.94,701.7,5.2,2.59,--,--,1.32,--,--
重庆市,长江流域,朱沱,03-06 17:00,2,17.8,8.21,9.23,463.4,4.2,0.97,0.004,0.039,1.08,--,--
重庆市,长江流域,四明水厂,03-06 17:00,4,18.0,8.02,9.27,538.8,38.1,7.02,0.040,0.037,0.95,--,--
重庆市,长江流域,金狮桥,03-06 17:00,1,13.2,8.29,10.23,249.4,12.7,0.58,0.057,0.009,1.04,--,--
重庆市,长江流域,璧南河两河口,03-06 17:00,3,17.6,8.01,8.14,857.9,11.4,4.94,0.040,0.069,3.95,--,--
重庆市,长江流域,中和,03-06 17:00,3,16.0,8.00,14.60,719.0,6.7,4.37,0.018,0.027,1.68,--,--
重庆市,长江流域,玉溪,03-06 17:00,1,17.2,8.15,10.69,548.4,7.2,1.39,0.004,0.017,2.03,--,--
重庆市,长江流域,高洞电站,03-06 17:00,3,17.7,8.19,11.20,753.0,11.6,5.80,0.224,0.079,2.91,--,--
重庆市,长江流域,巫山乡,03-06 17:00,2,14.9,8.38,11.13,315.1,8.3,2.52,0.004,0.026,1.24,--,--
重庆市,长江流域,鸭江镇,03-06 17:00,2,16.5,8.58,12.85,764.1,5.8,1.36,--,0.026,3.54,--,--
重庆市,长江流域,江口镇,03-06 17:00,1,12.9,8.20,9.97,347.1,1.7,0.37,--,0.009,1.87,--,--
重庆市,长江流域,白马,03-06 17:00,2,14.8,8.10,8.62,462.9,8.7,0.18,0.005,0.040,3.60,--,--
重庆市,长江流域,土堡寨,03-06 17:00,1,15.1,8.69,10.12,564.3,28.5,0.41,--,0.010,0.70,--,--
重庆市,长江流域,水寨子,03-06 17:00,1,12.8,8.93,13.86,195.5,3.8,1.44,--,0.016,0.55,--,--
重庆市,长江流域,湖海场,03-06 17:00,2,15.1,8.16,9.97,320.4,8.0,2.20,0.048,0.096,2.00,--,--
重庆市,长江流域,卫星桥,03-06 17:00,2,16.4,7.94,10.21,409.7,7.0,2.81,0.026,0.032,0.34,--,--
重庆市,长江流域,高洞梁,03-06 17:00,3,17.2,8.47,28.72,563.8,20.9,4.70,--,0.046,0.68,--,--
重庆市,长江流域,苏家,03-06 17:00,2,16.6,8.23,9.31,447.8,17.7,0.93,--,0.034,1.90,--,--
重庆市,长江流域,清水湖渡口,03-06 17:00,2,15.9,8.32,14.32,343.7,5.5,1.82,--,0.023,2.12,--,--
重庆市,长江流域,小江河口,03-06 17:00,2,15.8,8.10,9.00,437.4,4.1,1.13,0.015,0.036,1.72,--,--
重庆市,长江流域,汤溪河江口,03-06 17:00,2,15.8,8.11,10.44,296.2,53.8,0.38,--,0.022,0.67,--,--
重庆市,长江流域,罗汉大桥,03-06 17:00,2,15.7,8.58,11.85,251.6,11.9,1.54,0.017,0.079,1.37,--,--
重庆市,长江流域,白帝城,03-06 17:00,2,14.8,8.12,8.98,440.5,16.7,0.86,0.068,0.040,1.75,--,--
重庆市,长江流域,培石,03-06 17:00,2,14.5,7.99,9.26,423.6,1.6,1.01,--,0.042,1.89,--,--
重庆市,长江流域,花台,03-06 17:00,2,14.3,8.27,10.30,460.8,20.8,0.54,--,0.026,1.36,--,--
重庆市,长江流域,化杠,03-06 17:00,2,9.0,8.12,11.69,75.6,0.8,1.48,--,0.026,1.42,--,--
重庆市,长江流域,小河,03-06 17:00,2,12.6,8.10,9.82,333.4,1.8,0.75,0.003,0.030,--,--,--
重庆市,长江流域,万木,03-06 17:00,1,14.5,7.87,9.32,422.0,1.8,0.70,--,--,3.77,--,--
重庆市,长江流域,红花村,03-06 17:00,1,12.1,8.26,10.85,275.9,6.2,0.77,0.146,0.017,1.99,--,--
重庆市,长江流域,南洞沟,03-06 17:00,1,14.6,8.49,8.59,311.8,6.9,0.56,0.023,0.015,1.21,--,--
重庆市,长江流域,郁江桥,03-06 17:00,2,12.9,8.04,11.13,295.1,6.6,0.47,--,0.020,1.28,--,--
四川省,长江流域,二江寺,03-06 17:00,3,17.6,8.33,10.38,594.2,6.1,2.32,0.040,0.107,3.14,--,--
四川省,长江流域,岳店子下,03-06 16:00,3,18.2,8.04,11.84,523.7,6.6,2.61,0.051,0.199,5.44,--,--
四川省,长江流域,三邑大桥,03-06 17:00,2,15.9,7.77,8.95,364.6,2.4,1.79,0.010,0.024,1.85,--,--
四川省,长江流域,宏缘,03-06 17:00,3,17.8,8.04,9.41,616.8,20.1,1.60,0.081,0.118,3.15,--,--
四川省,长江流域,李家湾,03-06 17:00,2,17.7,8.18,9.45,646.3,8.8,--,0.017,0.047,2.61,--,--
四川省,长江流域,廖家堰,03-06 17:00,2,18.4,7.96,8.92,1291.4,15.2,2.96,0.044,0.062,1.61,--,--
四川省,长江流域,脚仙村,03-06 17:00,2,17.5,8.18,9.68,602.8,11.4,1.54,0.043,0.054,2.58,--,--
四川省,长江流域,龙洞,03-06 16:00,1,15.1,8.52,8.20,776.0,2.3,--,0.038,0.004,0.52,--,--
四川省,长江流域,倮果,03-06 16:00,1,15.7,8.28,8.48,787.4,4.4,0.48,0.002,0.009,0.65,--,--
四川省,长江流域,雅砻江口,03-06 16:00,1,14.9,8.00,10.11,272.2,6.1,0.92,0.014,0.010,0.39,--,--
四川省,长江流域,柏枝,03-06 16:00,1,14.0,8.04,8.36,255.7,4.8,0.86,0.002,0.006,0.42,--,--
四川省,长江流域,湾凼,03-06 17:00,3,19.4,7.74,8.93,769.3,13.0,4.96,0.005,0.038,0.67,--,--
四川省,长江流域,手爬岩,03-06 17:00,2,17.4,7.98,8.61,483.0,6.8,1.00,0.010,0.050,1.27,--,--
四川省,长江流域,沱江大桥(沱江二桥),03-06 17:00,2,17.9,8.33,10.51,604.0,5.6,1.68,0.002,0.055,2.54,--,--
四川省,长江流域,醒觉溪,03-06 17:00,2,17.6,7.93,8.34,403.6,6.4,1.47,0.050,0.025,2.68,--,--
四川省,长江流域,胡市大桥,03-06 17:00,3,17.2,7.94,9.60,730.8,5.5,4.57,0.046,0.052,3.01,--,--
四川省,长江流域,大磨子,03-06 17:00,2,17.5,8.25,10.34,625.4,11.3,1.78,0.029,0.047,2.47,--,--
四川省,长江流域,泸天化大桥,03-06 17:00,2,17.7,7.84,7.48,437.7,9.1,2.46,0.109,0.047,2.49,--,--
四川省,长江流域,纳溪大渡口,03-06 17:00,2,16.8,7.99,8.78,455.3,6.5,--,--,0.043,1.09,--,--
四川省,长江流域,两汇水,03-06 17:00,2,16.2,7.91,9.29,146.0,30.1,--,0.016,0.043,1.46,--,--
四川省,长江流域,太平渡,03-06 17:00,3,16.4,8.12,9.55,556.2,35.0,2.41,0.138,0.121,4.52,--,--
四川省,长江流域,八角,03-06 17:00,2,18.7,7.97,8.78,582.1,5.2,1.70,0.012,0.058,3.27,--,--
四川省,长江流域,象山,03-06 17:00,3,18.0,8.20,11.67,528.2,5.8,4.01,0.008,0.039,1.72,--,--
四川省,长江流域,双江桥,03-06 17:00,3,18.3,8.12,9.85,832.9,17.1,1.80,--,0.102,2.69,--,--
四川省,长江流域,三川,03-06 17:00,3,17.9,8.33,10.66,805.1,9.4,1.03,--,0.101,2.51,--,--
四川省,长江流域,西平镇,03-06 17:00,2,18.1,8.07,9.95,833.9,9.2,2.62,--,0.034,3.54,--,--
四川省,长江流域,平武水文站,03-06 16:00,1,12.3,8.39,9.35,339.9,22.9,0.24,0.007,0.009,--,--,--
四川省,长江流域,丰谷,03-06 16:00,2,14.9,8.30,10.50,362.6,7.6,0.95,0.003,0.050,1.09,--,--
四川省,长江流域,鲁班岛,03-06 16:00,3,15.8,8.91,16.12,281.9,2.5,1.75,0.007,0.035,--,0.007,5200078
四川省,长江流域,北川通口,03-06 16:00,2,13.2,8.18,9.11,326.0,10.9,0.51,0.006,0.032,1.01,--,--
四川省,长江流域,八庙沟,03-06 16:00,1,13.1,8.34,10.49,430.1,4.9,0.91,0.004,0.011,1.68,--,--
四川省,长江流域,姚渡,03-06 17:00,1,11.6,8.22,10.27,427.7,51.2,0.39,0.033,--,2.20,--,--
四川省,长江流域,苴国村,03-06 16:00,1,11.8,8.27,10.43,323.0,2.0,0.68,0.005,0.004,1.07,--,--
四川省,长江流域,上石盘,03-06 16:00,1,13.9,8.27,10.13,461.1,7.6,0.68,0.041,0.017,1.87,--,--
四川省,长江流域,南渡,03-06 16:00,2,16.0,8.26,9.97,577.3,5.3,1.64,0.009,0.022,1.71,--,--
四川省,长江流域,清泉乡（文成镇）,03-06 17:00,1,16.6,8.42,10.66,379.0,7.1,1.42,--,0.010,0.65,--,--
四川省,长江流域,大安,03-06 17:00,4,18.4,8.77,25.74,552.3,10.2,6.23,--,0.051,1.29,--,--
四川省,长江流域,百顷,03-06 17:00,1,16.1,8.37,11.23,408.5,4.2,1.20,0.019,0.020,1.60,--,--
四川省,长江流域,跑马滩,03-06 17:00,3,18.0,8.41,12.76,530.5,12.4,4.90,--,0.024,--,--,--
四川省,长江流域,梓江大桥,03-06 17:00,2,17.3,8.51,13.21,513.9,5.6,2.54,--,0.023,2.14,--,--
四川省,长江流域,大埂,03-06 17:00,2,17.9,8.20,9.86,525.6,2.0,3.83,0.017,--,0.55,--,--
四川省,长江流域,球溪河口,03-06 17:00,3,17.2,8.07,11.35,565.4,23.1,4.86,0.072,0.056,2.81,--,--
四川省,长江流域,李码头,03-06 16:00,2,15.8,8.16,12.14,294.2,42.6,1.85,0.006,0.041,2.21,--,--
四川省,长江流域,马边河河口,03-06 16:00,2,14.9,8.13,8.84,299.6,4.5,0.67,0.002,0.023,1.16,--,--
四川省,长江流域,悦来渡口,03-06 17:00,2,17.5,8.12,9.41,494.7,7.1,2.46,0.011,0.050,1.98,--,--
四川省,长江流域,金溪电站,03-06 17:00,1,16.6,8.46,12.31,331.1,8.7,1.26,--,0.016,1.23,--,--
四川省,长江流域,升钟水库铁炉寺,03-06 17:00,2,17.1,8.73,15.01,409.7,5.7,3.41,--,0.027,1.63,--,--
四川省,长江流域,沙溪,03-06 17:00,1,14.8,8.23,11.18,335.6,3.5,1.39,0.008,0.007,1.23,--,--
四川省,长江流域,黄龙溪,03-06 17:00,2,17.6,8.03,10.41,569.6,14.8,2.16,0.023,0.085,3.28,--,--
四川省,长江流域,彭山岷江大桥,03-06 16:00,2,17.8,7.63,8.20,612.8,3.7,2.39,0.024,0.075,2.72,--,--
四川省,长江流域,龟都府,03-06 17:00,2,14.5,8.01,9.16,253.8,9.9,--,0.050,0.051,1.52,--,--
四川省,长江流域,越溪河两河口,03-06 17:00,2,18.0,8.07,8.41,537.6,22.6,3.58,0.066,0.038,1.06,--,--
四川省,长江流域,月波,03-06 17:00,3,15.8,7.45,7.47,367.5,11.1,1.65,0.382,0.109,2.06,--,--
四川省,长江流域,凉姜沟,03-06 17:00,3,16.7,7.45,6.25,371.4,6.1,1.58,0.173,0.140,2.08,--,--
四川省,长江流域,挂弓山,03-06 16:00,2,16.9,8.09,8.38,452.5,2.2,0.67,0.035,0.046,1.30,--,--
四川省,长江流域,蔡家渡口,03-06 16:00,2,18.2,7.82,7.22,644.7,14.8,2.92,0.003,0.061,2.34,--,--
四川省,长江流域,三块石,03-06 17:00,2,17.4,8.22,8.37,489.3,2.4,0.66,0.002,0.020,0.89,--,--
四川省,长江流域,洛亥,03-06 17:00,3,15.5,8.15,9.62,313.6,4.5,1.19,0.116,0.121,3.49,--,--
四川省,长江流域,溪口镇平桥村,03-06 17:00,2,16.3,7.83,9.41,437.5,9.7,--,0.016,0.039,1.88,--,--
四川省,长江流域,清平镇大庙村（摇金）,03-06 17:00,3,20.4,8.27,10.52,512.7,4.0,4.29,0.049,0.098,0.97,--,--
四川省,长江流域,金子,03-06 17:00,1,15.6,8.33,10.53,131.5,22.1,1.27,0.011,0.013,1.43,--,--
四川省,长江流域,烈面,03-06 17:00,1,16.1,8.07,11.67,341.2,13.1,1.28,0.003,0.014,1.56,--,--
四川省,长江流域,幺滩,03-06 17:00,3,17.7,7.99,9.78,777.4,12.3,3.21,0.033,0.105,2.35,--,--
四川省,长江流域,团堡岭,03-06 17:00,2,15.9,8.65,12.21,394.2,2.6,2.02,--,0.026,1.46,--,--
四川省,长江流域,上河坝,03-06 17:00,3,17.2,8.20,11.90,631.5,1.7,4.43,0.065,0.038,0.76,--,--
四川省,长江流域,江陵,03-06 17:00,2,16.1,8.71,13.55,397.9,6.6,2.70,--,0.033,1.88,--,--
四川省,长江流域,大蹬沟,03-06 17:00,2,15.0,8.47,13.70,240.7,24.2,--,0.009,0.024,0.91,--,--
四川省,长江流域,白兔乡,03-06 17:00,3,17.2,8.42,10.64,440.1,4.8,4.83,0.024,0.067,1.73,--,--
四川省,长江流域,联盟桥,03-06 17:00,3,17.2,8.02,11.02,487.5,6.6,4.84,0.023,0.050,1.62,--,--
四川省,长江流域,舵石盘,03-06 17:00,2,14.3,8.36,17.87,516.2,15.2,2.33,0.004,0.014,1.79,--,--
四川省,长江流域,车家河,03-06 17:00,2,14.9,8.12,10.38,493.9,23.6,1.53,0.056,0.040,1.61,--,--
四川省,长江流域,三谷庄,03-06 16:00,2,14.6,8.46,7.21,256.7,6.0,0.43,0.001,0.010,0.64,--,--
四川省,长江流域,大岗山,03-06 16:00,1,9.4,8.32,9.83,278.8,1.6,0.31,0.004,0.004,--,--,--
四川省,长江流域,手傍岩,03-06 17:00,2,16.7,8.39,12.54,288.5,6.7,--,0.039,0.042,1.29,--,--
四川省,长江流域,幸福村（河东元坝）,03-06 17:00,2,17.3,7.93,10.04,643.6,13.4,2.45,0.036,0.064,2.65,--,--
四川省,长江流域,拱城铺渡口,03-06 17:00,2,17.2,8.32,10.34,583.2,6.4,--,0.031,0.061,2.45,--,--
四川省,长江流域,红光村,03-06 17:00,2,17.5,8.28,11.08,513.4,20.1,--,0.018,0.060,1.29,--,--
四川省,长江流域,两河,03-06 17:00,3,18.2,8.08,12.34,622.6,10.9,4.30,0.024,0.023,1.48,--,--
四川省,长江流域,县城马踏石点,03-06 16:00,1,9.2,8.91,9.18,395.4,24.6,0.55,0.028,0.008,--,--,--
四川省,长江流域,渭门桥,03-06 16:00,1,8.1,8.33,9.65,247.5,9.2,0.54,0.004,0.008,0.45,--,--
四川省,长江流域,小水沟,03-06 16:00,1,6.1,8.55,9.80,279.3,5.2,0.40,0.017,0.008,0.42,--,--
四川省,长江流域,水磨沟村,03-06 17:00,1,5.7,--,11.10,1188.9,2.8,--,--,--,0.57,--,--
四川省,长江流域,金沙江岗托桥,03-06 17:00,1,19.0,7.23,8.27,--,13.4,0.28,0.003,--,1.00,--,--
四川省,长江流域,昔街大桥,03-06 17:00,2,17.5,7.88,8.09,272.6,28.2,1.47,0.083,0.046,1.68,--,--
四川省,长江流域,阿七大桥,03-06 16:00,2,17.6,8.08,7.17,--,0.1,1.33,0.132,0.044,2.43,--,--
四川省,长江流域,邛海湖心,03-06 16:00,2,17.6,8.29,7.68,346.5,3.3,1.73,0.009,0.023,0.35,0.001,27881
贵州省,长江流域,棉花渡,03-06 17:00,2,13.8,8.21,9.83,497.0,5.1,0.97,0.047,0.046,3.19,--,--
贵州省,长江流域,贵铝泵房,03-06 17:00,2,14.1,8.50,12.34,455.8,2.4,1.72,0.020,0.014,1.84,0.004,1552085
贵州省,长江流域,花鱼洞,03-06 17:00,1,12.2,7.89,9.48,404.2,7.7,1.32,0.002,0.010,1.50,0.002,853317
贵州省,长江流域,麦穰,03-06 17:00,3,14.8,7.98,8.03,690.4,7.8,2.82,0.068,0.194,5.62,--,--
贵州省,珠江流域,青岩,03-06 17:00,2,15.1,8.28,9.71,562.1,0.8,1.89,0.004,0.096,3.42,--,--
贵州省,长江流域,龙场,03-06 17:00,1,13.7,7.97,8.75,414.0,3.9,0.46,0.011,0.018,3.48,--,--
贵州省,珠江流域,发耳,03-06 17:00,2,15.7,8.20,13.43,288.2,28.9,1.40,--,0.057,3.21,--,--
贵州省,长江流域,打秋坪,03-06 17:00,3,14.5,8.19,9.18,680.2,7.5,1.95,0.040,0.142,5.00,--,--
贵州省,长江流域,鱼塘大桥,03-06 17:00,1,13.1,8.04,10.19,362.2,2.5,0.81,0.038,0.005,1.60,--,--
贵州省,长江流域,沿江渡,03-06 17:00,2,14.6,7.92,8.64,440.8,46.2,1.30,--,0.047,4.92,--,--
贵州省,长江流域,鲤鱼塘,03-06 17:00,2,12.8,7.90,9.54,506.8,2.5,1.58,--,0.052,4.22,--,--
贵州省,长江流域,坡渡,03-06 17:00,1,16.0,8.36,10.52,349.6,3.7,0.75,0.007,0.010,0.75,--,--
贵州省,长江流域,余庆河暗溪坪,03-06 17:00,2,12.1,8.02,13.58,375.5,8.1,0.66,0.012,0.031,2.13,--,--
贵州省,长江流域,羊柱头渡口,03-06 17:00,4,14.0,7.81,8.24,855.9,4.0,3.37,0.460,0.292,8.09,--,--
贵州省,长江流域,鲢鱼溪,03-06 17:00,2,16.7,8.18,10.11,429.8,7.6,1.86,0.029,0.022,3.16,--,--
贵州省,长江流域,长沙,03-06 16:00,2,15.9,8.05,9.52,230.2,5.4,1.77,0.005,0.048,1.91,--,--
贵州省,长江流域,茅台,03-06 17:00,2,15.5,8.59,9.25,467.0,4.6,0.56,--,0.027,4.27,--,--
贵州省,珠江流域,黄果树,03-06 17:00,1,15.1,8.28,8.94,542.4,10.6,1.41,--,0.018,3.30,--,--
贵州省,长江流域,斯拉河大桥,03-06 17:00,1,14.3,8.10,9.81,411.6,6.3,1.18,--,0.017,2.93,--,--
贵州省,珠江流域,打邦,03-06 17:00,1,20.4,8.45,11.28,413.9,4.9,1.25,--,0.016,2.82,--,--
贵州省,长江流域,大关桥,03-06 17:00,1,14.2,8.10,8.18,431.6,1.7,0.84,0.044,0.010,4.14,--,--
贵州省,长江流域,小屯,03-06 17:00,3,14.8,7.73,6.99,508.3,58.4,1.54,0.189,0.133,5.56,--,--
贵州省,长江流域,清水铺,03-06 16:00,2,15.1,8.28,9.29,412.0,18.9,1.06,0.006,0.049,4.57,--,--
贵州省,长江流域,大桥边,03-06 17:00,2,12.5,8.14,10.10,372.9,2.3,1.08,0.007,0.031,3.43,--,--
贵州省,长江流域,下干溪,03-06 17:00,1,13.5,8.25,9.54,362.4,3.4,0.56,0.047,0.018,2.48,--,--
贵州省,珠江流域,坝草,03-06 17:00,1,18.2,8.28,9.71,398.8,2.7,0.68,--,0.007,2.05,--,--
贵州省,珠江流域,南盘江三江口,03-06 17:00,2,19.9,8.11,13.41,377.8,6.6,1.17,0.002,0.038,3.06,0.02,--
贵州省,珠江流域,万峰湖(万峰湖湖心),03-06 17:00,2,19.3,8.24,9.50,447.1,8.1,0.75,0.005,0.014,2.44,0.031,339329
贵州省,珠江流域,岔河口,03-06 17:00,2,18.6,8.40,9.11,369.1,5.1,0.79,0.054,0.022,2.42,--,--
贵州省,珠江流域,蔗香北,03-06 17:00,1,21.0,8.02,9.07,406.3,10.4,0.63,--,0.018,--,--,--
贵州省,珠江流域,黄泥河,03-06 17:00,2,15.1,8.02,9.35,399.1,10.1,2.64,0.012,0.028,2.30,--,--
贵州省,珠江流域,赵家渡,03-06 17:00,2,17.0,8.21,8.48,489.7,3.0,0.45,0.082,0.060,4.94,--,--
贵州省,珠江流域,坡脚,03-06 17:00,2,17.6,8.07,8.40,416.3,6.2,0.41,--,0.032,3.69,--,--
贵州省,珠江流域,蔗香南,03-06 17:00,2,19.7,8.39,8.46,419.8,4.8,0.86,0.041,0.022,3.24,--,--
贵州省,长江流域,金紫,03-06 17:00,2,14.2,8.02,9.64,256.1,1.2,1.01,0.005,0.027,1.23,--,--
贵州省,珠江流域,从江大桥,03-06 17:00,1,16.1,7.65,10.34,100.5,16.8,1.14,0.034,0.017,--,--,--
贵州省,长江流域,平敏大桥,03-06 17:00,2,13.3,7.90,10.90,164.8,9.4,0.99,0.012,0.048,1.42,--,--
贵州省,长江流域,旁海,03-06 17:00,2,13.8,8.05,8.30,479.4,4.9,1.66,0.242,0.094,3.25,--,--
贵州省,长江流域,重安江大桥,03-06 17:00,3,14.1,8.39,9.71,516.7,5.3,1.00,0.054,0.101,3.37,--,--
贵州省,珠江流域,榕江,03-06 17:00,2,16.6,8.28,9.55,177.4,4.1,1.18,--,0.023,1.04,--,--
贵州省,珠江流域,新华,03-06 17:00,1,18.1,8.40,10.88,213.0,12.3,0.83,0.014,0.015,0.98,--,--
贵州省,长江流域,甘溪高碑,03-06 17:00,2,13.0,8.14,9.81,411.8,4.0,1.03,0.022,0.041,1.01,--,--
贵州省,长江流域,跳鱼洞,03-06 16:00,-1,--,--,--,--,--,--,--,--,--,--,--
贵州省,长江流域,凤山桥边,03-06 17:00,3,14.0,8.07,9.54,560.0,0.9,1.06,0.064,0.105,3.97,--,--
贵州省,珠江流域,边外河,03-06 17:00,2,17.0,7.82,9.18,337.5,4.0,0.83,0.007,0.022,1.85,--,--
贵州省,珠江流域,界牌,03-06 17:00,1,17.1,8.48,11.33,298.5,1.9,0.93,0.014,0.012,1.12,--,--
贵州省,珠江流域,甲茶,03-06 17:00,1,19.7,7.87,8.17,328.9,9.0,0.98,0.004,0.006,1.06,--,--
云南省,长江流域,通仙桥,03-06 17:00,2,16.5,8.29,7.72,741.5,5.6,1.38,0.043,0.098,4.86,--,--
云南省,长江流域,普渡河桥,03-06 17:00,2,19.2,8.46,9.05,668.0,4.5,3.23,0.032,0.083,2.51,--,--
云南省,珠江流域,禄丰村,03-06 17:00,2,20.2,8.74,10.00,439.6,4.8,1.10,--,0.076,4.14,--,--
云南省,滇池流域,回龙村,03-06 17:00,3,19.7,8.71,7.07,735.5,7.1,4.59,0.079,0.053,3.04,--,--
云南省,滇池流域,船房五社桥头(一检站),03-06 17:00,2,18.6,7.95,10.43,584.8,7.5,--,0.092,0.036,6.80,--,--
云南省,滇池流域,王大桥,03-06 17:00,3,18.4,7.20,7.42,567.7,4.9,4.30,0.122,0.146,6.55,--,--
云南省,滇池流域,大观河入湖口,03-06 17:00,3,16.2,8.26,5.43,428.1,12.6,1.24,0.038,0.038,3.42,--,--
云南省,滇池流域,大渔乡土罗村入湖口,03-06 17:00,-1,--,--,--,--,--,--,--,--,--,--,--
云南省,滇池流域,新河村入湖口（金属筛片厂小桥）,03-06 17:00,2,16.2,8.17,7.59,411.6,11.4,1.34,0.050,0.037,2.65,--,--
云南省,珠江流域,阳宗海中,03-06 17:00,2,15.4,8.63,9.97,446.7,2.4,3.86,0.032,0.023,--,0.007,930043
云南省,长江流域,富民大桥,03-06 17:00,3,18.0,8.22,5.30,674.0,14.0,5.72,0.033,0.124,2.15,--,--
云南省,滇池流域,严家村桥(盘龙江),03-06 17:00,2,15.3,8.57,9.46,405.6,35.1,1.11,0.018,0.033,3.31,--,--
云南省,滇池流域,宝丰村入湖口,03-06 17:00,2,19.6,8.60,12.78,648.2,4.0,2.90,--,0.056,3.26,--,--
云南省,滇池流域,江尾下闸,03-06 16:00,-1,--,--,--,--,--,--,--,--,--,--,--
云南省,滇池流域,茨巷河入湖口(牛恋乡),03-06 17:00,6,18.5,9.28,24.50,284.9,2.7,3.67,0.048,0.025,0.94,--,--
云南省,滇池流域,东大河滇池入湖口,03-06 17:00,6,19.6,9.40,8.62,288.9,14.0,3.76,0.006,0.104,2.42,--,--
云南省,滇池流域,草海中心,03-06 17:00,3,16.6,8.37,8.78,438.0,7.4,4.30,0.266,0.043,3.51,0.012,6406860
云南省,滇池流域,灰湾中,03-06 17:00,3,14.7,8.58,10.05,495.9,33.9,--,0.119,0.040,2.30,0.006,11581770
云南省,滇池流域,观音山东,03-06 15:00,6,15.8,9.19,9.97,516.0,3.4,5.94,0.157,0.029,1.43,0.012,110614000
云南省,滇池流域,观音山中,03-06 15:00,1,15.1,8.76,8.96,503.6,88.1,--,--,--,1.53,0.006,77617700
云南省,滇池流域,观音山西,03-06 17:00,3,15.5,8.91,9.37,504.5,25.5,5.52,0.098,0.039,2.06,0.005,26457200
云南省,滇池流域,海口西,03-06 17:00,6,15.6,9.38,8.23,549.5,19.0,--,--,--,--,0.037,4805660
云南省,滇池流域,滇池南,03-06 17:00,3,15.4,8.84,11.52,524.8,32.7,5.22,0.099,0.031,--,0.031,7198020
云南省,滇池流域,白鱼口,03-06 17:00,1,15.2,8.77,7.66,439.5,42.2,--,--,--,--,0.010,17059170
云南省,滇池流域,晋城小寨,03-06 17:00,2,17.2,8.19,6.75,363.8,54.2,3.09,0.066,0.033,3.80,--,--
云南省,长江流域,牛栏江河口(象鼻山吊桥),03-06 17:00,2,18.3,8.78,12.16,394.1,4.2,2.30,--,0.043,3.14,--,--
云南省,珠江流域,狗街,03-06 17:00,2,17.7,8.27,8.86,486.4,9.1,1.81,0.073,0.097,4.64,--,--
云南省,珠江流域,花山水库出水口,03-06 17:00,1,14.0,8.19,8.77,390.6,3.7,1.10,--,0.005,2.77,--,--
云南省,长江流域,以礼河水文站,03-06 17:00,2,13.0,7.71,7.10,262.6,3.7,1.07,0.176,0.058,1.64,--,--
云南省,珠江流域,厂房大桥,03-06 17:00,2,15.3,8.16,8.93,371.8,18.4,1.31,0.056,0.067,3.03,--,--
云南省,珠江流域,天生桥,03-06 16:00,-1,--,--,--,--,--,--,--,--,--,--,--
云南省,长江流域,牛栏江大桥,03-06 17:00,1,18.0,8.35,8.71,393.4,11.8,1.18,--,--,2.33,--,--
云南省,珠江流域,盘溪大桥,03-06 16:00,1,20.0,8.55,10.19,474.0,4.7,1.25,--,--,4.22,--,--
云南省,珠江流域,九甸大桥,03-06 16:00,3,20.5,8.39,8.74,625.3,31.2,3.64,0.076,0.110,3.66,--,--
云南省,西南诸河,坝洪村,03-06 16:00,1,26.8,8.35,8.62,425.0,17.8,1.16,0.006,0.009,1.12,--,--
云南省,珠江流域,抚仙湖心,03-06 17:00,2,--,7.97,--,--,0.02,1.04,--,0.017,0.16,--,11142370
云南省,西南诸河,绿汁江大桥,03-06 16:00,2,19.2,8.61,10.43,479.6,5.7,1.17,0.009,0.025,1.16,--,--
云南省,珠江流域,杞麓湖心,03-06 17:00,6,16.7,9.43,9.43,718.6,23.6,9.14,0.222,0.052,1.66,0.022,15955090
云南省,珠江流域,永昌桥,03-06 16:00,5,20.3,8.73,9.95,504.9,49.4,3.92,0.097,0.304,3.53,--,--
云南省,珠江流域,星云湖心,03-06 17:00,6,16.5,9.11,9.72,636.8,19.1,--,0.011,--,--,0.036,92648860
云南省,西南诸河,红旗桥,03-06 17:00,1,17.3,8.24,9.06,375.2,3.7,0.60,--,0.006,0.51,--,--
云南省,西南诸河,湾甸,03-06 16:00,2,21.7,8.27,8.60,467.2,112.6,0.98,0.001,0.054,2.95,--,--
云南省,西南诸河,永保桥,03-06 16:00,1,22.4,7.80,8.22,--,1.2,--,--,--,--,--,--
云南省,西南诸河,龙江桥,03-06 16:00,6,17.8,9.32,15.54,142.2,10.7,1.36,0.013,0.017,0.98,--,--
云南省,长江流域,云贵桥,03-06 17:00,1,15.1,8.25,8.42,388.0,12.0,0.54,0.013,0.010,2.38,--,--
云南省,长江流域,头屯河,03-06 17:00,2,17.0,8.51,6.96,390.8,12.9,0.97,0.116,0.075,4.40,--,--
云南省,长江流域,邓家河,03-06 17:00,2,16.1,8.10,8.89,375.9,9.9,0.99,0.063,0.056,2.97,--,--
云南省,长江流域,横江桥,03-06 17:00,2,17.2,8.18,9.49,280.0,12.4,--,--,0.026,1.89,--,--
云南省,长江流域,程海湖中,03-06 16:00,6,16.9,9.26,10.32,1351.8,7.8,5.13,0.002,0.038,1.03,0.013,7210
云南省,长江流域,新华,03-06 16:00,1,12.2,8.47,8.80,837.6,9.5,0.85,0.007,0.006,--,--,--
云南省,长江流域,金江桥,03-06 16:00,1,15.9,8.32,9.29,712.4,6.0,1.19,0.004,0.004,0.52,--,--
云南省,长江流域,龙兴村,03-06 16:00,3,15.6,8.18,9.57,453.4,15.9,2.13,0.087,0.174,5.07,--,--
云南省,西南诸河,土卡河水文站(土卡河),03-06 17:00,1,21.3,7.60,8.61,234.5,1.2,0.66,0.001,0.017,0.74,--,--
云南省,西南诸河,思茅港,03-06 16:00,3,23.5,7.75,5.91,343.9,9.4,0.65,0.008,0.014,0.64,--,--
云南省,西南诸河,芒东桥,03-06 16:00,2,21.4,7.75,6.59,284.2,42.2,0.16,--,0.082,2.34,--,--
云南省,西南诸河,孟拉桥,03-06 07:00,1,18.7,7.55,7.63,90.3,27.1,1.66,0.003,0.019,0.80,--,--
云南省,西南诸河,莲花乡,03-06 16:00,3,21.9,8.41,8.89,443.5,5.0,3.26,0.024,0.145,6.68,--,--
云南省,西南诸河,储木场,03-06 16:00,1,22.3,8.91,10.43,328.5,2.2,0.93,0.001,0.005,0.39,--,--
云南省,西南诸河,嘎旧,03-06 16:00,2,18.0,7.93,7.49,364.8,11.2,1.09,0.005,0.018,0.79,--,--
云南省,西南诸河,景临桥,03-06 16:00,1,20.6,8.08,8.26,276.3,14.5,1.25,0.020,0.016,0.84,--,--
云南省,西南诸河,孟定大桥,03-06 16:00,1,21.3,7.92,9.16,290.8,33.2,0.45,0.009,0.018,1.06,--,--
云南省,西南诸河,黑箐,03-06 16:00,-1,--,--,--,--,--,--,--,--,--,--,--
云南省,西南诸河,小黑江检查站,03-06 16:00,2,20.0,8.29,8.97,231.7,11.7,1.15,0.017,0.026,0.78,--,--
云南省,西南诸河,水文站,03-06 16:00,2,18.9,8.67,9.41,392.7,6.8,1.47,0.088,0.046,1.57,--,--
云南省,长江流域,西观桥,03-06 16:00,2,18.9,8.68,11.26,567.4,11.4,3.27,0.038,0.025,5.73,--,--
云南省,西南诸河,那发出境,03-06 17:00,2,22.0,7.35,8.16,153.8,19.9,1.08,--,0.026,0.38,--,--
云南省,西南诸河,中越桥,03-06 17:00,2,21.8,8.23,9.37,287.2,13.3,0.73,0.040,0.055,2.10,--,--
云南省,西南诸河,蚂蟥堡桥,03-06 16:00,-1,--,--,--,--,--,--,--,--,--,--,--
云南省,西南诸河,龙脖渡口,03-06 17:00,2,21.6,8.06,7.99,352.5,6.9,0.73,--,0.036,1.32,--,--
云南省,西南诸河,小河底河,03-06 17:00,1,23.7,7.87,8.87,485.3,11.4,0.75,--,--,0.65,--,--
云南省,珠江流域,异龙湖中,03-06 17:00,3,19.0,8.35,9.35,502.7,6.4,--,0.165,0.028,--,0.020,132641
云南省,珠江流域,长虹桥,03-06 17:00,2,20.7,8.47,9.38,550.1,14.7,--,0.086,0.081,4.46,--,--
云南省,珠江流域,江边桥,03-06 17:00,2,22.0,7.69,6.87,536.1,14.4,1.32,--,0.058,3.22,--,--
云南省,西南诸河,天保农场,03-06 17:00,4,18.8,8.25,9.76,309.4,498.3,3.52,--,0.270,3.40,--,--
云南省,西南诸河,南利大桥,03-06 16:00,-1,--,--,--,--,--,--,--,--,--,--,--
云南省,珠江流域,谷拉河大桥,03-06 17:00,1,21.6,8.39,10.50,262.9,2.1,0.76,--,0.006,1.43,--,--
云南省,西南诸河,关累码头,03-06 16:00,2,22.4,7.92,7.21,333.4,4.5,0.58,0.001,0.011,0.64,--,--
云南省,西南诸河,勐仑大桥,03-06 16:00,1,22.8,8.37,8.44,291.4,14.9,1.05,0.001,0.008,0.20,--,--
云南省,西南诸河,风情园大桥,03-06 16:00,2,20.0,7.90,8.37,111.2,52.9,1.20,0.018,0.021,1.47,--,--
云南省,西南诸河,勐捧岔河,03-06 16:00,2,23.9,8.74,10.99,363.4,44.3,1.82,0.006,0.060,0.62,--,--
云南省,西南诸河,打洛江大桥,03-06 16:00,1,22.8,8.43,9.39,187.8,8.0,1.28,0.007,0.011,0.44,--,--
云南省,西南诸河,洱海湖心,03-06 17:00,2,14.3,8.50,8.05,288.9,4.8,3.92,0.044,0.017,0.50,0.002,11034100
云南省,西南诸河,交汇口,03-06 16:00,1,17.8,8.36,7.70,521.7,36.2,0.40,0.026,0.012,0.97,--,--
云南省,西南诸河,徐村桥,03-06 16:00,2,19.4,8.09,8.33,300.6,12.2,1.56,0.014,0.089,2.07,--,--
云南省,西南诸河,江尾,03-06 16:00,1,20.0,8.54,8.99,507.5,1.0,--,0.008,0.019,1.03,--,--
云南省,西南诸河,汇流电站,03-06 16:00,1,18.4,7.26,9.08,86.3,647.8,1.16,0.006,0.012,0.39,--,--
云南省,西南诸河,姐告大桥,03-06 16:00,2,19.4,7.77,8.36,119.6,28.7,1.11,0.006,0.021,0.98,--,--
云南省,西南诸河,迭撒大桥,03-06 16:00,2,22.2,7.00,7.32,184.2,16.7,1.76,0.089,0.042,1.73,--,--
云南省,西南诸河,风平,03-06 16:00,3,22.2,8.36,9.32,300.8,13.8,2.19,0.749,0.164,2.50,--,--
云南省,西南诸河,拉甲木底桥,03-06 16:00,1,17.3,8.36,10.08,399.5,9.9,0.78,0.008,0.001,0.33,--,--
云南省,西南诸河,丙舍桥,03-06 16:00,1,15.4,8.39,9.24,380.2,7.4,0.74,0.006,0.004,0.45,--,--
云南省,长江流域,贺龙桥,03-06 16:00,1,10.3,8.52,8.79,857.7,16.1,0.65,0.007,0.005,0.53,--,--
云南省,西南诸河,中路村,03-06 16:00,1,9.8,8.30,9.16,584.5,15.7,--,0.003,0.003,0.49,--,--
西藏自治区,西南诸河,才纳(帮布布),03-06 17:00,1,8.8,8.57,10.38,262.1,6.8,0.76,0.055,0.014,0.80,--,--
陕西省,黄河流域,灞河口,03-06 17:00,3,11.5,8.36,15.80,539.2,7.4,4.02,0.011,0.034,4.71,--,--
陕西省,黄河流域,三郎村,03-06 17:00,3,12.1,7.65,10.67,718.0,17.7,4.08,0.411,0.069,6.21,--,--
陕西省,黄河流域,沙王渡,03-06 15:00,3,12.1,8.28,9.94,1331.9,27.3,4.03,0.022,0.074,7.45,--,--
陕西省,黄河流域,岔口,03-06 17:00,2,12.3,8.12,8.35,883.0,13.2,3.44,--,0.094,6.81,--,--
陕西省,黄河流域,下桃水电站,03-06 17:00,2,8.4,8.69,12.50,1716.0,28.1,2.36,0.405,0.028,5.90,--,--
陕西省,长江流域,黄牛铺,03-06 17:00,1,9.4,8.26,9.80,142.2,1.8,1.30,--,0.008,1.86,--,--
陕西省,黄河流域,魏家堡,03-06 17:00,2,13.4,8.21,10.96,834.8,8.0,3.50,0.221,0.093,7.63,--,--
陕西省,黄河流域,千河公路桥,03-06 17:00,2,12.5,8.38,9.14,534.1,10.6,1.01,0.010,0.027,6.14,--,--
陕西省,黄河流域,卧龙寺桥,03-06 17:00,2,11.7,8.45,11.97,920.9,9.6,2.51,0.033,0.018,5.87,--,--
陕西省,长江流域,灶火庵,03-06 17:00,1,12.3,8.45,11.62,379.5,3.2,0.78,0.001,0.010,1.74,--,--
陕西省,黄河流域,咸阳铁桥,03-06 17:00,3,13.0,8.45,11.60,819.1,12.5,4.08,0.126,0.063,9.24,--,--
陕西省,黄河流域,兴平,03-06 17:00,2,13.7,8.17,9.89,871.6,13.2,2.91,0.047,0.055,9.53,--,--
陕西省,黄河流域,泾河桥,03-06 17:20,1,11.1,8.43,12.50,1955.0,10.0,1.55,0.046,0.017,5.00,--,--
陕西省,黄河流域,黑河张家桥,03-06 17:00,2,10.7,8.41,10.43,760.5,48.1,1.25,0.053,0.024,3.00,--,--
陕西省,黄河流域,潼关吊桥,03-06 15:00,3,12.0,8.35,11.24,1490.1,190.8,4.99,0.029,0.112,9.19,--,--
陕西省,黄河流域,王谦村,03-06 17:00,4,10.0,8.27,9.47,1928.5,919.8,6.34,0.454,0.195,5.73,--,--
陕西省,黄河流域,张家庄,03-06 15:00,3,10.8,8.14,10.52,651.2,19.9,3.71,0.502,0.047,7.65,--,--
陕西省,黄河流域,杨家畔村,03-06 17:00,2,5.8,8.64,10.01,1653.6,6.0,3.68,0.064,0.033,6.05,--,--
陕西省,黄河流域,昝家山,03-06 17:00,2,6.9,8.49,10.76,742.1,5.3,2.20,0.043,0.022,4.84,--,--
陕西省,黄河流域,寺滩（阎家滩）,03-06 17:00,3,8.0,8.66,10.96,1070.8,20.9,3.37,0.671,0.043,6.05,--,--
陕西省,黄河流域,朱家沟,03-06 17:00,2,6.4,8.67,12.09,977.6,25.4,2.70,0.091,0.055,5.28,--,--
陕西省,长江流域,烈金坝,03-06 17:00,1,11.3,8.23,9.60,351.3,10.5,0.91,0.005,0.012,1.03,--,--
陕西省,长江流域,南柳渡,03-06 17:00,2,14.8,7.96,11.19,362.8,13.9,2.45,0.071,0.073,2.72,--,--
陕西省,长江流域,白水江,03-06 17:00,1,12.8,8.46,10.67,380.5,11.5,0.75,--,0.012,1.37,--,--
陕西省,黄河流域,柏树坪,03-06 17:00,2,3.7,8.44,12.65,1067.0,35.6,1.49,0.017,0.023,4.01,--,--
陕西省,黄河流域,温家川(神木窟野河),03-06 17:00,2,5.2,8.54,11.29,1305.2,19.3,1.88,0.154,0.035,2.94,--,--
陕西省,黄河流域,碛塄,03-06 17:00,1,3.6,8.54,11.44,892.7,32.4,0.80,0.031,0.016,3.73,--,--
陕西省,黄河流域,高家川,03-06 17:00,2,2.3,8.47,10.68,842.9,122.6,1.51,0.024,0.065,2.33,--,--
陕西省,黄河流域,鱼河,03-06 17:00,3,6.9,8.47,9.54,864.0,49.2,2.04,0.276,0.105,3.10,--,--
陕西省,长江流域,白河城关,03-06 16:00,1,11.0,8.14,11.26,296.5,22.5,1.13,0.016,0.012,1.32,0.079,--
陕西省,长江流域,南江河出陕界,03-06 17:00,1,9.9,8.02,11.57,251.9,21.8,0.91,0.070,0.010,0.62,--,--
陕西省,长江流域,小钢桥,03-06 17:00,2,11.6,8.23,11.08,302.1,8.6,2.04,0.013,0.019,2.31,--,--
陕西省,长江流域,老君关,03-06 17:00,1,11.4,7.98,9.70,307.1,10.1,1.49,0.021,0.020,1.36,--,--
陕西省,长江流域,瀛湖坝前,03-06 17:00,2,13.3,8.77,14.69,224.1,12.6,1.51,--,0.018,0.94,0.055,5586364
陕西省,长江流域,构峪口,03-06 17:00,1,7.2,8.37,12.53,373.7,19.2,0.82,0.019,0.006,1.65,--,--
陕西省,长江流域,丹凤下,03-06 17:00,2,11.8,8.27,10.75,472.8,23.1,1.81,0.124,0.083,4.71,--,--
陕西省,黄河流域,灵口,03-06 17:00,1,10.0,8.39,12.41,405.9,6.6,0.98,0.013,0.014,1.23,--,--
甘肃省,黄河流域,扶和桥,03-06 16:00,1,7.5,8.04,10.97,565.6,5.0,1.35,0.051,0.008,1.52,--,--
甘肃省,黄河流域,新城桥,03-06 17:00,1,7.6,8.25,8.87,679.4,14.6,0.78,0.065,0.015,2.41,--,--
甘肃省,西北诸河,冰沟,03-06 16:00,1,7.1,8.41,10.40,581.2,14.3,0.24,0.013,0.001,1.22,--,--
甘肃省,西北诸河,火车站,03-06 14:00,-1,--,--,--,--,--,--,--,--,--,--,--
甘肃省,西北诸河,迎山坡,03-06 16:00,1,4.9,8.11,9.76,762.8,3.4,0.94,0.031,--,1.97,--,--
甘肃省,黄河流域,青城桥,03-06 16:00,1,7.2,8.46,9.88,791.6,4.8,1.81,0.024,0.005,2.99,--,--
甘肃省,黄河流域,五佛寺,03-06 17:00,2,7.9,8.72,11.86,988.4,6.0,3.00,0.027,0.066,3.34,--,--
甘肃省,黄河流域,靖远桥,03-06 16:00,1,7.4,8.48,13.23,770.9,13.4,1.35,0.011,0.004,3.12,--,--
甘肃省,黄河流域,桦林,03-06 17:00,2,11.9,8.89,10.17,1129.2,136.1,--,--,0.093,7.62,--,--
甘肃省,黄河流域,葡萄园(牛背),03-06 17:00,2,11.1,8.36,10.18,1286.9,118.9,2.56,0.081,0.087,7.81,--,--
甘肃省,西北诸河,红崖山水库,03-06 16:00,1,4.4,8.45,9.00,653.8,7.2,1.61,0.010,0.009,--,0.002,195374
甘肃省,黄河流域,先明峡桥,03-06 16:00,1,4.7,8.40,10.23,525.4,37.9,0.58,0.001,0.002,1.47,--,--
甘肃省,西北诸河,莺落峡,03-06 16:00,1,4.4,8.30,11.11,745.5,4.8,0.31,0.012,0.004,1.58,--,--
甘肃省,西北诸河,皇城水库,03-06 16:00,1,4.5,8.13,10.60,694.1,5.8,0.68,0.003,0.002,1.63,--,--
甘肃省,西北诸河,六坝桥,03-06 16:00,1,12.4,8.35,10.15,757.8,7.5,0.73,0.008,0.011,2.80,--,--
甘肃省,黄河流域,长庆桥,03-06 17:00,2,9.8,8.63,13.97,944.5,22.2,2.14,0.119,0.038,5.14,--,--
甘肃省,长江流域,固水子村,03-06 17:00,2,13.9,8.41,9.56,469.3,48.7,0.56,0.045,0.028,1.04,--,--
甘肃省,长江流域,两水桥,03-06 17:00,1,12.6,8.42,9.52,450.8,49.4,--,0.010,0.003,1.17,--,--
甘肃省,黄河流域,折桥,03-06 16:00,2,8.4,8.40,9.96,522.6,80.5,1.93,0.079,0.024,--,--,--
甘肃省,黄河流域,地沟桥,03-06 16:00,2,7.2,8.65,8.98,460.5,54.7,2.45,0.078,0.036,3.42,--,--
甘肃省,黄河流域,玛曲,03-06 16:00,1,3.9,8.31,8.24,438.3,16.1,0.25,0.038,0.007,--,--,--
青海省,黄河流域,小峡桥,03-06 16:00,2,7.9,8.33,9.74,931.6,34.8,2.60,0.273,0.057,5.40,--,--
青海省,黄河流域,润泽桥,03-06 16:00,2,10.0,8.44,7.29,675.8,6.1,2.04,0.046,0.023,4.37,--,--
青海省,黄河流域,大河家,03-06 16:00,1,6.9,8.43,9.17,511.5,9.4,1.40,0.010,0.003,0.70,--,--
青海省,黄河流域,边墙村（民和桥）,03-06 16:00,2,8.3,8.55,9.69,1089.3,32.6,1.90,0.110,0.031,4.34,--,--
青海省,黄河流域,峡塘,03-06 16:00,1,4.2,8.46,9.30,533.5,12.4,0.48,0.007,0.004,1.04,--,--
青海省,黄河流域,金滩,03-06 16:00,1,7.7,8.39,8.56,558.1,3.4,--,--,0.004,1.80,--,--
青海省,西北诸河,布哈河入青海湖口,03-06 16:00,1,7.3,8.07,9.13,506.6,8.3,0.46,0.009,0.005,0.92,--,--
青海省,黄河流域,唐乃亥,03-06 16:00,1,3.5,8.53,9.72,463.6,28.0,0.74,0.003,0.005,1.06,--,--
青海省,黄河流域,龙羊峡库区出水口,03-06 16:00,1,6.5,8.36,10.02,468.5,2.9,1.44,0.006,0.006,0.60,0.009,278960
青海省,长江流域,直门达,03-06 17:00,1,1.3,8.46,8.48,2290.9,0.3,0.22,0.044,0.001,0.87,--,--
青海省,西北诸河,总场水闸,03-06 16:00,1,5.2,8.46,9.36,931.3,51.7,0.42,0.003,0.005,0.61,--,--
青海省,西北诸河,纳赤台,03-06 16:00,1,7.9,8.41,8.14,744.4,6.9,0.12,0.002,0.003,0.69,--,--
青海省,西北诸河,德令哈市水厂旁,03-06 16:00,1,8.4,8.24,8.22,757.6,0.5,0.08,0.005,0.008,1.44,--,--
宁夏回族自治区,黄河流域,叶盛公路桥,03-06 17:00,1,6.9,8.39,9.74,1104.7,6.1,1.68,--,0.012,3.66,--,--
宁夏回族自治区,黄河流域,银古公路桥,03-06 16:00,1,7.6,8.48,10.11,1257.8,82.9,1.63,0.035,0.011,3.83,--,--
宁夏回族自治区,黄河流域,平罗黄河大桥,03-06 17:00,2,9.2,8.49,7.65,1204.8,49.4,2.13,--,0.026,3.54,--,--
宁夏回族自治区,黄河流域,沙湖,03-06 17:00,3,8.0,8.37,9.85,1873.0,13.0,5.94,--,0.018,1.00,0.003,397000
宁夏回族自治区,黄河流域,金沙湾,03-06 17:00,1,8.0,8.48,10.54,1140.9,5.1,1.81,0.012,0.014,3.47,--,--
宁夏回族自治区,黄河流域,弹筝峡,03-06 17:00,2,12.6,8.67,10.07,637.0,6.7,0.92,0.005,0.024,3.92,--,--
宁夏回族自治区,黄河流域,沟圈,03-06 17:00,2,8.3,8.67,10.29,1896.0,38.0,1.83,0.047,0.020,1.81,--,--
宁夏回族自治区,黄河流域,中卫下河沿(新墩),03-06 17:00,2,8.2,8.51,10.80,941.8,47.7,1.87,--,0.039,3.54,--,--
宁夏回族自治区,黄河流域,泉眼山,03-06 17:00,2,9.2,8.71,10.63,8822.8,89.8,2.97,0.059,0.059,24.84,--,--
新疆维吾尔自治区,西北诸河,青年渠,03-06 16:00,1,6.5,8.45,11.78,465.4,10.6,0.24,0.006,0.003,1.62,--,--
新疆维吾尔自治区,西北诸河,七纺桥,03-06 16:00,2,11.4,8.63,9.91,1918.5,0.5,0.87,0.021,0.024,10.88,--,--
新疆维吾尔自治区,西北诸河,哈尔莫墩,03-06 16:00,1,4.9,8.34,10.71,352.4,3.4,0.39,0.010,0.003,0.57,--,--
新疆维吾尔自治区,西北诸河,汇合口,03-06 16:00,2,6.8,7.30,6.25,539.5,2.7,2.53,0.006,0.008,0.36,--,--
新疆维吾尔自治区,西北诸河,塔提让,03-06 16:00,1,11.2,7.77,9.54,1498.7,227.7,1.26,0.006,0.002,0.74,--,--
新疆维吾尔自治区,西北诸河,龙口,03-06 16:00,1,8.0,8.33,10.53,758.6,51.3,0.43,0.003,0.003,1.28,--,--
新疆维吾尔自治区,西北诸河,塔里木拦河闸,03-06 16:00,1,8.6,8.17,10.65,893.4,8.2,0.87,0.005,0.002,1.12,--,--
新疆维吾尔自治区,西北诸河,十二医院,03-06 16:00,1,12.9,7.98,11.79,1183.6,24.8,0.63,0.004,0.005,0.70,--,--
新疆维吾尔自治区,西北诸河,依干其渡口,03-06 10:00,1,8.6,8.43,9.82,548.6,1.5,0.29,0.003,0.003,0.64,--,--
新疆维吾尔自治区,西北诸河,喀河大桥,03-06 16:00,1,11.9,7.97,8.87,1393.6,0.9,1.16,0.009,0.003,0.37,--,--
新疆维吾尔自治区,西北诸河,科布大桥,03-06 16:00,1,4.0,8.57,12.23,418.0,30.1,1.05,0.005,0.008,1.31,--,--
新疆维吾尔自治区,西北诸河,龙口大桥,03-06 16:00,1,2.7,7.86,11.83,426.5,3.3,0.40,0.039,0.007,1.20,--,--
新疆维吾尔自治区,西北诸河,羊场大桥,03-06 16:00,2,7.0,8.11,9.90,1086.7,44.2,2.69,0.050,0.061,2.07,--,--
新疆维吾尔自治区,西北诸河,喀什河大桥,03-06 16:00,1,4.5,8.08,11.64,352.3,9.0,0.28,0.002,0.009,1.64,--,--
新疆维吾尔自治区,西北诸河,霍城63团伊犁河大桥,03-06 17:00,1,6.8,8.29,11.70,637.2,21.4,1.34,0.025,0.015,2.29,--,--
新疆维吾尔自治区,西北诸河,英牙尔乡,03-06 16:00,1,6.5,8.29,12.66,571.7,23.6,1.97,0.005,0.017,1.80,--,--
新疆维吾尔自治区,西北诸河,雅马渡大桥,03-06 17:00,1,5.8,8.19,9.47,312.7,1.8,0.52,0.014,0.008,1.77,--,--
新疆维吾尔自治区,西北诸河,布尔津河大桥,03-06 16:00,1,3.2,7.23,11.33,70.0,12.3,1.80,0.007,0.003,0.58,--,--
新疆维吾尔自治区,西北诸河,乌伦古湖码头,03-06 16:00,3,6.5,8.56,9.54,4688.0,10.4,4.93,0.071,0.010,0.81,0.007,762522
新疆维吾尔自治区,西北诸河,北屯大桥,03-06 16:00,2,7.8,7.53,10.60,253.8,9.9,2.20,0.009,0.004,0.50,--,--
新疆维吾尔自治区,西北诸河,布尔津水文站,03-06 16:00,1,6.7,6.88,8.31,951.9,35.4,0.68,0.114,0.009,4.26,--,--
新疆维吾尔自治区,西北诸河,额河南湾,03-06 17:00,6,14.2,4.16,8.57,--,74.6,1.80,0.032,0.013,1.29,--,--
